{
  "data": [
    {
      "f1": 4.5,
      "f2": 4.5,
      "f3": -2.25,
      "f4": -0.9,
      "f5": -11.25,
      "f6": -0.9,
      "group": 3
    },
    {
      "f1": 4.45,
      "f2": 4.4,
      "f3": 0.25,
      "f4": -0.4,
      "f5": -13.75,
      "f6": -0.95,
      "group": 3
    },
    {
      "f1": 4.4,
      "f2": 4.45,
      "f3": -2.75,
      "f4": -0.95,
      "f5": 1.25,
      "f6": -0.4,
      "group": 3
    },
    {
      "f1": 0.05,
      "f2": -0.4,
      "f3": 22.25,
      "f4": 4.4,
      "f5": -23.75,
      "f6": -0.55,
      "group": 1
    },
    {
      "f1": -0.4,
      "f2": 0.05,
      "f3": -4.75,
      "f4": -0.55,
      "f5": 111.25,
      "f6": 4.4,
      "group": 2
    },
    {
      "f1": -0.55,
      "f2": -0.95,
      "f3": 22.0,
      "f4": 4.45,
      "f5": -10.0,
      "f6": 0.05,
      "group": 1
    },
    {
      "f1": -0.45,
      "f2": -0.9,
      "f3": 22.5,
      "f4": 4.5,
      "f5": -22.5,
      "f6": -0.45,
      "group": 1
    },
    {
      "f1": -0.95,
      "f2": -0.55,
      "f3": -2.0,
      "f4": 0.05,
      "f5": 110.0,
      "f6": 4.45,
      "group": 2
    },
    {
      "f1": -0.9,
      "f2": -0.45,
      "f3": -4.5,
      "f4": -0.45,
      "f5": 112.5,
      "f6": 4.5,
      "group": 2
    }
  ],
  "bands": {
    "1": {
      "lower_bound": {
        "f1": -0.5,
        "f2": -0.925,
        "f3": 22.125,
        "f4": 4.425000000000001,
        "f5": -23.125,
        "f6": -0.5
      },
      "upper_bound": {
        "f1": -0.2,
        "f2": -0.65,
        "f3": 22.375,
        "f4": 4.475,
        "f5": -16.25,
        "f6": -0.2
      },
      "median": {
        "f1": -0.45,
        "f2": -0.9,
        "f3": 22.25,
        "f4": 4.45,
        "f5": -22.5,
        "f6": -0.45
      }
    },
    "2": {
      "lower_bound": {
        "f1": -0.925,
        "f2": -0.5,
        "f3": -4.625,
        "f4": -0.5,
        "f5": 110.625,
        "f6": 4.425000000000001
      },
      "upper_bound": {
        "f1": -0.65,
        "f2": -0.2,
        "f3": -3.25,
        "f4": -0.2,
        "f5": 111.875,
        "f6": 4.475
      },
      "median": {
        "f1": -0.9,
        "f2": -0.45,
        "f3": -4.5,
        "f4": -0.45,
        "f5": 111.25,
        "f6": 4.45
      }
    },
    "3": {
      "lower_bound": {
        "f1": 4.425000000000001,
        "f2": 4.425000000000001,
        "f3": -2.5,
        "f4": -0.925,
        "f5": -12.5,
        "f6": -0.925
      },
      "upper_bound": {
        "f1": 4.475,
        "f2": 4.475,
        "f3": -1.0,
        "f4": -0.65,
        "f5": -5.0,
        "f6": -0.65
      },
      "median": {
        "f1": 4.45,
        "f2": 4.45,
        "f3": -2.25,
        "f4": -0.9,
        "f5": -11.25,
        "f6": -0.9
      }
    }
  },
  "positions": {
    "f4": 0.0,
    "f3": 0.0730400400828067,
    "f1": 0.4634799799585967,
    "f2": 0.5365200200414033,
    "f5": 0.9269599599171933,
    "f6": 1.0
  }
}
