{
  "data": [
    {
      "f1": -258.8,
      "f2": 258.8,
      "f3": 129.4,
      "f4": 129.4,
      "f5": 258.8,
      "f6": 258.8,
      "f7": 258.8,
      "f8": -258.8,
      "f9": 258.8,
      "group": 3
    },
    {
      "f1": -342.28,
      "f2": 342.28,
      "f3": -37.56,
      "f4": 296.36,
      "f5": 91.84,
      "f6": 425.76,
      "f7": 175.32,
      "f8": -342.28,
      "f9": 425.76,
      "group": 3
    },
    {
      "f1": -44.8,
      "f2": 44.8,
      "f3": 557.4,
      "f4": -84.6,
      "f5": 472.8,
      "f6": 44.8,
      "f7": 686.8,
      "f8": -472.8,
      "f9": -169.2,
      "group": 1
    },
    {
      "f1": -151.0,
      "f2": 305.0,
      "f3": 114.0,
      "f4": 191.0,
      "f5": 228.0,
      "f6": 305.0,
      "f7": 228.0,
      "f8": -151.0,
      "f9": 228.0,
      "group": 3
    },
    {
      "f1": -119.667,
      "f2": 119.667,
      "f3": 268.533,
      "f4": 129.4,
      "f5": 537.067,
      "f6": 258.8,
      "f7": 537.067,
      "f8": 19.467,
      "f9": 119.667,
      "group": 1
    },
    {
      "f1": -205.956,
      "f2": 344.12199999999996,
      "f3": -225.467,
      "f4": 364.522,
      "f5": -132.911,
      "f6": 503.13300000000004,
      "f7": 26.1,
      "f8": -205.956,
      "f9": 457.07800000000003,
      "group": 2
    },
    {
      "f1": -285.843,
      "f2": 285.843,
      "f3": 75.313,
      "f4": 277.548,
      "f5": 110.652,
      "f6": 406.94800000000004,
      "f7": 325.817,
      "f8": -473.965,
      "f9": 312.887,
      "group": 3
    },
    {
      "f1": -200.6,
      "f2": 354.6,
      "f3": 14.8,
      "f4": 290.2,
      "f5": 128.8,
      "f6": 404.2,
      "f7": 178.4,
      "f8": -200.6,
      "f9": 327.2,
      "group": 3
    },
    {
      "f1": -529.923,
      "f2": 362.385,
      "f3": -77.76899999999999,
      "f4": 202.53799999999998,
      "f5": 68.385,
      "f6": 432.462,
      "f7": 222.231,
      "f8": -529.923,
      "f9": 432.462,
      "group": 3
    },
    {
      "f1": -54.056999999999995,
      "f2": 54.056999999999995,
      "f3": 538.886,
      "f4": -56.82899999999999,
      "f5": 445.029,
      "f6": 72.571,
      "f7": 686.8,
      "f8": -500.57099999999997,
      "f9": -150.686,
      "group": 1
    },
    {
      "f1": -92.18299999999999,
      "f2": -48.211000000000006,
      "f3": 603.028,
      "f4": -170.592,
      "f5": 537.732,
      "f6": -13.113,
      "f7": 690.31,
      "f8": -502.634,
      "f9": -270.986,
      "group": 1
    },
    {
      "f1": 1.105,
      "f2": 64.47399999999999,
      "f3": 550.842,
      "f4": -58.368,
      "f5": 459.684,
      "f6": 64.47399999999999,
      "f7": 673.684,
      "f8": -426.895,
      "f9": -182.31599999999997,
      "group": 1
    },
    {
      "f1": -83.227,
      "f2": 83.227,
      "f3": 326.836,
      "f4": 107.536,
      "f5": 588.082,
      "f6": 236.93599999999998,
      "f7": 609.945,
      "f8": 26.755,
      "f9": 61.364,
      "group": 1
    },
    {
      "f1": 373.4,
      "f2": 236.6,
      "f3": -273.6,
      "f4": 236.6,
      "f5": -273.6,
      "f6": 373.4,
      "f7": -136.8,
      "f8": 373.4,
      "f9": 136.8,
      "group": 2
    },
    {
      "f1": 7.0,
      "f2": 147.0,
      "f3": 430.0,
      "f4": 33.0,
      "f5": 386.0,
      "f6": 147.0,
      "f7": 544.0,
      "f8": -309.0,
      "f9": -88.0,
      "group": 1
    },
    {
      "f1": -450.0,
      "f2": 374.0,
      "f3": -1.0,
      "f4": 99.0,
      "f5": 136.0,
      "f6": 374.0,
      "f7": 274.0,
      "f8": -450.0,
      "f9": 274.0,
      "group": 3
    },
    {
      "f1": -68.333,
      "f2": 222.333,
      "f3": 196.667,
      "f4": 191.0,
      "f5": 393.333,
      "f6": 305.0,
      "f7": 393.333,
      "f8": 14.333,
      "f9": 145.333,
      "group": 2
    },
    {
      "f1": -148.81799999999998,
      "f2": -26.090999999999998,
      "f3": 344.327,
      "f4": 33.2,
      "f5": 688.655,
      "f6": 197.582,
      "f7": 601.2,
      "f8": 74.855,
      "f9": -26.090999999999998,
      "group": 1
    },
    {
      "f1": 20.625,
      "f2": 69.562,
      "f3": 216.425,
      "f4": 135.412,
      "f5": 492.975,
      "f6": 270.825,
      "f7": 523.038,
      "f8": 191.825,
      "f9": 69.562,
      "group": 1
    },
    {
      "f1": -236.273,
      "f2": 148.81799999999998,
      "f3": 221.891,
      "f4": 94.41799999999999,
      "f5": 487.509,
      "f6": 276.291,
      "f7": 531.236,
      "f8": -108.8,
      "f9": 148.81799999999998,
      "group": 1
    },
    {
      "f1": -257.91,
      "f2": 293.535,
      "f3": 12.43,
      "f4": 297.528,
      "f5": 50.297,
      "f6": 429.30300000000005,
      "f7": 268.098,
      "f8": -421.977,
      "f9": 335.395,
      "group": 3
    },
    {
      "f1": 38.902,
      "f2": 359.48800000000006,
      "f3": -276.024,
      "f4": 397.73199999999997,
      "f5": -223.122,
      "f6": 523.951,
      "f7": -58.659,
      "f8": 38.902,
      "f9": 361.415,
      "group": 2
    },
    {
      "f1": -464.267,
      "f2": 360.267,
      "f3": -128.6,
      "f4": 235.36700000000002,
      "f5": 4.317,
      "f6": 454.7,
      "f7": 171.4,
      "f8": -464.267,
      "f9": 440.93300000000005,
      "group": 3
    },
    {
      "f1": 32.488,
      "f2": 187.71200000000002,
      "f3": -120.464,
      "f4": 286.86400000000003,
      "f5": 48.656000000000006,
      "f6": 430.944,
      "f7": 193.44799999999998,
      "f8": 130.928,
      "f9": 259.10400000000004,
      "group": 2
    },
    {
      "f1": -282.283,
      "f2": 286.39099999999996,
      "f3": 68.73899999999999,
      "f4": 279.73900000000003,
      "f5": 103.804,
      "f6": 409.413,
      "f7": 320.065,
      "f8": -468.76099999999997,
      "f9": 314.80400000000003,
      "group": 3
    },
    {
      "f1": -164.65200000000002,
      "f2": 318.652,
      "f3": 86.696,
      "f4": 278.217,
      "f5": 140.783,
      "f6": 392.217,
      "f7": 274.26099999999997,
      "f8": -284.478,
      "f9": 255.304,
      "group": 3
    },
    {
      "f1": -316.776,
      "f2": 288.431,
      "f3": 70.137,
      "f4": 261.404,
      "f5": 106.955,
      "f6": 407.81,
      "f7": 335.923,
      "f8": -507.608,
      "f9": 312.394,
      "group": 3
    },
    {
      "f1": -284.402,
      "f2": 284.402,
      "f3": 77.491,
      "f4": 276.597,
      "f5": 113.014,
      "f6": 405.99699999999996,
      "f7": 328.486,
      "f8": -472.861,
      "f9": 310.709,
      "group": 3
    },
    {
      "f1": -259.0,
      "f2": 259.0,
      "f3": 129.0,
      "f4": 239.2,
      "f5": 149.0,
      "f6": 368.6,
      "f7": 368.0,
      "f8": -477.8,
      "f9": 259.2,
      "group": 3
    },
    {
      "f1": -432.897,
      "f2": 386.64099999999996,
      "f3": -29.256,
      "f4": 154.026,
      "f5": 104.76899999999999,
      "f6": 408.205,
      "f7": 246.487,
      "f8": -432.897,
      "f9": 311.17900000000003,
      "group": 3
    },
    {
      "f1": -477.435,
      "f2": 337.522,
      "f3": -28.043000000000003,
      "f4": 210.826,
      "f5": 79.435,
      "f6": 424.17400000000004,
      "f7": 271.957,
      "f8": -549.261,
      "f9": 388.26099999999997,
      "group": 3
    },
    {
      "f1": -510.759,
      "f2": 271.357,
      "f3": 42.004,
      "f4": 87.556,
      "f5": 257.627,
      "f6": 360.598,
      "f7": 404.286,
      "f8": -448.477,
      "f9": 298.315,
      "group": 3
    },
    {
      "f1": -67.08,
      "f2": 24.430999999999997,
      "f3": 555.488,
      "f4": -87.064,
      "f5": 468.866,
      "f6": 50.86600000000001,
      "f7": 687.8660000000001,
      "f8": -505.522,
      "f9": -184.34799999999998,
      "group": 1
    },
    {
      "f1": -43.595,
      "f2": 57.955,
      "f3": 538.27,
      "f4": -52.315,
      "f5": 443.38699999999994,
      "f6": 75.649,
      "f7": 683.928,
      "f8": -489.288,
      "f9": -154.378,
      "group": 1
    },
    {
      "f1": -319.274,
      "f2": 186.428,
      "f3": 274.143,
      "f4": 41.382,
      "f5": 253.826,
      "f6": 250.49,
      "f7": 547.312,
      "f8": -645.278,
      "f9": 87.48700000000001,
      "group": 1
    },
    {
      "f1": -94.89299999999999,
      "f2": 94.89299999999999,
      "f3": 330.16900000000004,
      "f4": 129.201,
      "f5": 513.0880000000001,
      "f6": 258.601,
      "f7": 623.278,
      "f8": -114.9,
      "f9": 58.031000000000006,
      "group": 1
    },
    {
      "f1": -189.16,
      "f2": -203.64,
      "f3": 614.32,
      "f4": -266.24,
      "f5": 689.84,
      "f6": -58.28,
      "f7": 673.04,
      "f8": -403.0,
      "f9": -383.24,
      "group": 1
    },
    {
      "f1": 95.46700000000001,
      "f2": -366.4,
      "f3": 529.6,
      "f4": -366.4,
      "f5": 366.4,
      "f6": -298.66700000000003,
      "f7": 461.86699999999996,
      "f8": -298.66700000000003,
      "f9": -597.3330000000001,
      "group": 1
    },
    {
      "f1": 116.53299999999999,
      "f2": 43.8,
      "f3": 459.533,
      "f4": -53.2,
      "f5": 342.533,
      "f6": 76.533,
      "f7": 589.2669999999999,
      "f8": -311.467,
      "f9": -201.267,
      "group": 1
    },
    {
      "f1": -133.8,
      "f2": 191.8,
      "f3": 350.0,
      "f4": 10.6,
      "f5": 331.6,
      "f6": 191.8,
      "f7": 531.2,
      "f8": -417.8,
      "f9": -36.8,
      "group": 1
    },
    {
      "f1": 54.158,
      "f2": 99.84200000000001,
      "f3": 488.94699999999995,
      "f4": 21.211,
      "f5": 468.526,
      "f6": 135.211,
      "f7": 638.316,
      "f8": -250.053,
      "f9": -146.947,
      "group": 1
    },
    {
      "f1": 277.5,
      "f2": -150.5,
      "f3": 428.0,
      "f4": -150.5,
      "f5": 214.0,
      "f6": -150.5,
      "f7": 428.0,
      "f8": -150.5,
      "f9": -428.0,
      "group": 1
    },
    {
      "f1": 32.273,
      "f2": 121.727,
      "f3": 357.63599999999997,
      "f4": 130.636,
      "f5": 534.182,
      "f6": 244.636,
      "f7": 594.545,
      "f8": 34.455,
      "f9": -15.636,
      "group": 1
    },
    {
      "f1": -39.5,
      "f2": 39.5,
      "f3": 276.55,
      "f4": 105.35,
      "f5": 553.1,
      "f6": 210.7,
      "f7": 553.1,
      "f8": 131.7,
      "f9": 39.5,
      "group": 1
    },
    {
      "f1": 333.04,
      "f2": 276.96,
      "f3": -354.32,
      "f4": 317.32,
      "f5": -354.32,
      "f6": 454.12,
      "f7": -177.16,
      "f8": 333.04,
      "f9": 217.52,
      "group": 2
    },
    {
      "f1": 453.0,
      "f2": 157.0,
      "f3": -114.4,
      "f4": 157.0,
      "f5": -194.0,
      "f6": 293.8,
      "f7": 22.4,
      "f8": 293.8,
      "f9": -22.4,
      "group": 2
    },
    {
      "f1": 490.4,
      "f2": 119.6,
      "f3": -156.6,
      "f4": 236.6,
      "f5": -39.6,
      "f6": 373.4,
      "f7": 97.2,
      "f8": 607.4,
      "f9": 19.8,
      "group": 2
    },
    {
      "f1": 440.63300000000004,
      "f2": 119.898,
      "f3": 16.694000000000003,
      "f4": 107.531,
      "f5": -95.061,
      "f6": 241.857,
      "f7": 151.02,
      "f8": 192.388,
      "f9": -101.551,
      "group": 2
    },
    {
      "f1": -408.5,
      "f2": 332.5,
      "f3": 82.0,
      "f4": 57.5,
      "f5": 177.5,
      "f6": 332.5,
      "f7": 357.0,
      "f8": -491.5,
      "f9": 191.0,
      "group": 3
    },
    {
      "f1": -421.0,
      "f2": 345.0,
      "f3": 28.0,
      "f4": 99.0,
      "f5": 194.0,
      "f6": 374.0,
      "f7": 332.0,
      "f8": -392.0,
      "f9": 245.0,
      "group": 3
    },
    {
      "f1": 330.31199999999995,
      "f2": 101.81200000000001,
      "f3": 39.062,
      "f4": 218.812,
      "f5": 245.0,
      "f6": 346.719,
      "f7": 328.43800000000005,
      "f8": 491.781,
      "f9": 10.905999999999999,
      "group": 2
    },
    {
      "f1": -243.268,
      "f2": -165.877,
      "f3": 369.64,
      "f4": -54.071999999999996,
      "f5": 780.8380000000001,
      "f6": 157.157,
      "f7": 597.044,
      "f8": 58.986999999999995,
      "f9": -145.09799999999998,
      "group": 1
    },
    {
      "f1": -148.81799999999998,
      "f2": -105.79700000000001,
      "f3": 376.21,
      "f4": -22.594,
      "f5": 752.42,
      "f6": 165.699,
      "f7": 585.259,
      "f8": 122.678,
      "f9": -145.65,
      "group": 1
    },
    {
      "f1": -290.83299999999997,
      "f2": -289.83299999999997,
      "f3": 445.767,
      "f4": -189.967,
      "f5": 891.533,
      "f6": 55.567,
      "f7": 601.2,
      "f8": 54.567,
      "f9": -289.83299999999997,
      "group": 1
    },
    {
      "f1": 122.525,
      "f2": 60.571000000000005,
      "f3": 104.135,
      "f4": 173.575,
      "f5": 362.30300000000005,
      "f6": 315.182,
      "f7": 439.319,
      "f8": 300.119,
      "f9": 76.556,
      "group": 2
    },
    {
      "f1": 284.9,
      "f2": 82.35,
      "f3": 71.5,
      "f4": 199.35,
      "f5": 296.9,
      "f6": 330.5,
      "f7": 373.85,
      "f8": 456.1,
      "f9": 14.15,
      "group": 2
    },
    {
      "f1": -425.276,
      "f2": 337.82199999999995,
      "f3": 32.887,
      "f4": 94.41799999999999,
      "f5": 204.00400000000002,
      "f6": 370.793,
      "f7": 342.233,
      "f8": -392.305,
      "f9": 243.32,
      "group": 3
    },
    {
      "f1": -230.06599999999997,
      "f2": 296.222,
      "f3": 2.1719999999999997,
      "f4": 302.495,
      "f5": 36.782,
      "f6": 433.048,
      "f7": 254.014,
      "f8": -390.87699999999995,
      "f9": 327.335,
      "group": 3
    },
    {
      "f1": -307.92400000000004,
      "f2": 288.605,
      "f3": 63.869,
      "f4": 266.384,
      "f5": 100.152,
      "f6": 410.335,
      "f7": 328.07099999999997,
      "f8": -496.542,
      "f9": 314.546,
      "group": 3
    },
    {
      "f1": 130.332,
      "f2": 328.865,
      "f3": -391.337,
      "f4": 384.838,
      "f5": -361.145,
      "f6": 479.555,
      "f7": -180.418,
      "f8": 130.332,
      "f9": 297.238,
      "group": 2
    },
    {
      "f1": 26.459,
      "f2": 350.101,
      "f3": -232.146,
      "f4": 385.14300000000003,
      "f5": -188.703,
      "f6": 510.27099999999996,
      "f7": -13.616,
      "f8": -3.375,
      "f9": 340.458,
      "group": 2
    },
    {
      "f1": -264.545,
      "f2": 381.54900000000004,
      "f3": -158.067,
      "f4": 237.00400000000002,
      "f5": -57.891999999999996,
      "f6": 464.522,
      "f7": 117.37700000000001,
      "f8": -264.545,
      "f9": 331.25,
      "group": 3
    },
    {
      "f1": 242.923,
      "f2": 233.33700000000002,
      "f3": -193.092,
      "f4": 336.214,
      "f5": -79.84,
      "f6": 466.327,
      "f7": 73.332,
      "f8": 322.741,
      "f9": 196.718,
      "group": 2
    },
    {
      "f1": 59.745,
      "f2": 332.961,
      "f3": -290.235,
      "f4": 396.784,
      "f5": -255.333,
      "f6": 495.529,
      "f7": -92.765,
      "f8": 59.745,
      "f9": 331.098,
      "group": 2
    },
    {
      "f1": -430.662,
      "f2": 254.653,
      "f3": 1.0170000000000001,
      "f4": 108.15,
      "f5": 211.94299999999998,
      "f6": 375.49,
      "f7": 373.026,
      "f8": -358.653,
      "f9": 287.314,
      "group": 3
    },
    {
      "f1": 11.2,
      "f2": 120.301,
      "f3": -18.037,
      "f4": 180.58,
      "f5": 209.702,
      "f6": 370.166,
      "f7": 351.871,
      "f8": 157.46,
      "f9": 154.363,
      "group": 2
    },
    {
      "f1": -346.56,
      "f2": 342.67800000000005,
      "f3": 54.433,
      "f4": 170.446,
      "f5": 122.249,
      "f6": 394.963,
      "f7": 331.236,
      "f8": -470.505,
      "f9": 240.203,
      "group": 3
    },
    {
      "f1": -45.64,
      "f2": 199.64,
      "f3": 266.48,
      "f4": 199.72,
      "f5": 335.76,
      "f6": 313.72,
      "f7": 494.56,
      "f8": -193.32,
      "f9": 75.52,
      "group": 1
    },
    {
      "f1": -358.272,
      "f2": 328.301,
      "f3": 55.653999999999996,
      "f4": 186.71,
      "f5": 115.25399999999999,
      "f6": 399.348,
      "f7": 339.34,
      "f8": -503.866,
      "f9": 261.296,
      "group": 3
    },
    {
      "f1": -315.09,
      "f2": 286.842,
      "f3": 72.542,
      "f4": 260.41700000000003,
      "f5": 109.557,
      "f6": 406.765,
      "f7": 338.814,
      "f8": -506.283,
      "f9": 310.008,
      "group": 3
    },
    {
      "f1": -316.25,
      "f2": 259.0,
      "f3": 129.0,
      "f4": 199.125,
      "f5": 149.0,
      "f6": 362.875,
      "f7": 396.625,
      "f8": -546.5,
      "f9": 247.75,
      "group": 3
    },
    {
      "f1": -452.56800000000004,
      "f2": 250.49,
      "f3": 88.82799999999999,
      "f4": 106.387,
      "f5": 254.74200000000002,
      "f6": 357.035,
      "f7": 446.02099999999996,
      "f8": -477.148,
      "f9": 258.95599999999996,
      "group": 3
    },
    {
      "f1": -316.566,
      "f2": 188.28400000000002,
      "f3": 272.957,
      "f4": 43.33,
      "f5": 252.548,
      "f6": 252.22400000000002,
      "f7": 545.7909999999999,
      "f8": -641.84,
      "f9": 87.061,
      "group": 1
    },
    {
      "f1": 40.189,
      "f2": 113.811,
      "f3": 440.523,
      "f4": 73.36,
      "f5": 457.351,
      "f6": 187.36,
      "f7": 628.072,
      "f8": -210.00900000000001,
      "f9": -98.523,
      "group": 1
    },
    {
      "f1": -318.83799999999997,
      "f2": 196.895,
      "f3": 186.85,
      "f4": 130.49200000000002,
      "f5": 305.068,
      "f6": 333.05800000000005,
      "f7": 525.58,
      "f8": -431.952,
      "f9": 176.96099999999998,
      "group": 3
    },
    {
      "f1": 24.412,
      "f2": 129.588,
      "f3": 359.88199999999995,
      "f4": 145.235,
      "f5": 483.647,
      "f6": 259.235,
      "f7": 603.529,
      "f8": -61.0,
      "f9": -17.882,
      "group": 1
    },
    {
      "f1": -149.13299999999998,
      "f2": -176.956,
      "f3": 567.622,
      "f4": -206.2,
      "f5": 696.5110000000001,
      "f6": -4.9110000000000005,
      "f7": 646.356,
      "f8": -269.578,
      "f9": -356.556,
      "group": 1
    },
    {
      "f1": -264.063,
      "f2": -295.187,
      "f3": 556.062,
      "f4": -274.562,
      "f5": 823.0,
      "f6": -33.312,
      "f7": 639.75,
      "f8": -194.937,
      "f9": -391.56199999999995,
      "group": 1
    },
    {
      "f1": -264.063,
      "f2": -295.187,
      "f3": 608.078,
      "f4": -326.578,
      "f5": 770.9839999999999,
      "f6": -85.32799999999999,
      "f7": 639.75,
      "f8": -350.98400000000004,
      "f9": -443.57800000000003,
      "group": 1
    },
    {
      "f1": -103.26100000000001,
      "f2": -575.87,
      "f3": 561.826,
      "f4": -495.30400000000003,
      "f5": 656.435,
      "f6": -325.522,
      "f7": 472.60900000000004,
      "f8": -164.391,
      "f9": -731.6089999999999,
      "group": 1
    },
    {
      "f1": 178.2,
      "f2": 84.911,
      "f3": 387.589,
      "f4": 39.3,
      "f5": 352.811,
      "f6": 158.756,
      "f7": 548.156,
      "f8": -105.911,
      "f9": -160.156,
      "group": 1
    },
    {
      "f1": 368.733,
      "f2": -111.4,
      "f3": 323.733,
      "f4": -111.4,
      "f5": 109.73299999999999,
      "f6": -59.266999999999996,
      "f7": 375.86699999999996,
      "f8": -59.266999999999996,
      "f9": -375.86699999999996,
      "group": 1
    },
    {
      "f1": -339.529,
      "f2": 304.401,
      "f3": 134.111,
      "f4": 87.64299999999999,
      "f5": 180.054,
      "f6": 334.033,
      "f7": 410.13300000000004,
      "f8": -513.4680000000001,
      "f9": 151.15,
      "group": 3
    },
    {
      "f1": 333.158,
      "f2": -65.158,
      "f3": 338.94699999999995,
      "f4": -5.789,
      "f5": 258.526,
      "f6": -5.789,
      "f7": 398.316,
      "f8": 112.947,
      "f9": -338.94699999999995,
      "group": 1
    },
    {
      "f1": 283.226,
      "f2": 96.581,
      "f3": 113.355,
      "f4": 196.83900000000003,
      "f5": 311.968,
      "f6": 322.129,
      "f7": 396.452,
      "f8": 407.548,
      "f9": -8.452,
      "group": 2
    },
    {
      "f1": -416.227,
      "f2": 340.227,
      "f3": 35.635999999999996,
      "f4": 96.13600000000001,
      "f5": 200.68200000000002,
      "f6": 371.13599999999997,
      "f7": 341.545,
      "f8": -391.045,
      "f9": 237.364,
      "group": 3
    },
    {
      "f1": 285.8,
      "f2": -25.56,
      "f3": 178.96,
      "f4": 137.88,
      "f5": 357.92,
      "f6": 145.64,
      "f7": 357.92,
      "f8": 457.0,
      "f9": -155.68,
      "group": 2
    },
    {
      "f1": 321.545,
      "f2": 278.545,
      "f3": -381.273,
      "f4": 324.455,
      "f5": -381.273,
      "f6": 449.36400000000003,
      "f7": -200.545,
      "f8": 321.545,
      "f9": 216.727,
      "group": 2
    },
    {
      "f1": 391.9,
      "f2": 218.1,
      "f3": -236.6,
      "f4": 248.65,
      "f5": -285.65,
      "f6": 385.45,
      "f7": -69.25,
      "f8": 293.8,
      "f9": 99.8,
      "group": 2
    },
    {
      "f1": 439.52,
      "f2": 170.48,
      "f3": -230.093,
      "f4": 281.827,
      "f5": -141.36,
      "f6": 418.62699999999995,
      "f7": 18.053,
      "f8": 528.253,
      "f9": 93.29299999999999,
      "group": 2
    },
    {
      "f1": 174.812,
      "f2": 280.062,
      "f3": -329.5,
      "f4": 370.06300000000005,
      "f5": -329.5,
      "f6": 444.81300000000005,
      "f7": -164.75,
      "f8": 174.812,
      "f9": 254.75,
      "group": 2
    },
    {
      "f1": 490.4,
      "f2": 119.6,
      "f3": -58.3,
      "f4": 138.3,
      "f5": -137.9,
      "f6": 275.1,
      "f7": 97.2,
      "f8": 312.5,
      "f9": -78.5,
      "group": 2
    },
    {
      "f1": 443.42699999999996,
      "f2": 22.04,
      "f3": 13.227,
      "f4": 193.24,
      "f5": 184.42700000000002,
      "f6": 272.22700000000003,
      "f7": 263.413,
      "f8": 614.627,
      "f9": -92.213,
      "group": 2
    },
    {
      "f1": 377.54,
      "f2": 196.55900000000003,
      "f3": -152.233,
      "f4": 220.827,
      "f5": -221.926,
      "f6": 355.832,
      "f7": 16.015,
      "f8": 220.203,
      "f9": 53.129,
      "group": 2
    },
    {
      "f1": 448.5,
      "f2": 114.944,
      "f3": 19.680999999999997,
      "f4": 106.875,
      "f5": -90.181,
      "f6": 241.347,
      "f7": 157.722,
      "f8": 201.93099999999998,
      "f9": -107.59700000000001,
      "group": 2
    },
    {
      "f1": -394.879,
      "f2": 337.00300000000004,
      "f3": 19.6,
      "f4": 101.244,
      "f5": 186.34799999999998,
      "f6": 376.07099999999997,
      "f7": 328.49,
      "f8": -360.816,
      "f9": 236.312,
      "group": 3
    },
    {
      "f1": 193.83,
      "f2": 19.189,
      "f3": 144.94299999999998,
      "f4": 136.189,
      "f5": 411.472,
      "f6": 286.434,
      "f7": 413.509,
      "f8": 400.283,
      "f9": -54.887,
      "group": 2
    },
    {
      "f1": 308.491,
      "f2": 109.87299999999999,
      "f3": 19.6,
      "f4": 211.145,
      "f5": 222.982,
      "f6": 354.091,
      "f7": 321.164,
      "f8": 467.10900000000004,
      "f9": 16.509,
      "group": 2
    },
    {
      "f1": 360.754,
      "f2": 64.385,
      "f3": 51.538000000000004,
      "f4": 205.338,
      "f5": 252.985,
      "f6": 310.538,
      "f7": 327.93800000000005,
      "f8": 531.9540000000001,
      "f9": -35.754,
      "group": 2
    },
    {
      "f1": -216.88400000000001,
      "f2": -180.565,
      "f3": 384.064,
      "f4": -67.308,
      "f5": 798.076,
      "f6": 146.955,
      "f7": 587.4580000000001,
      "f8": 95.662,
      "f9": -192.459,
      "group": 1
    },
    {
      "f1": -286.705,
      "f2": -260.934,
      "f3": 417.69300000000004,
      "f4": -147.03,
      "f5": 860.1569999999999,
      "f6": 91.898,
      "f7": 598.7230000000001,
      "f8": 53.74100000000001,
      "f9": -248.548,
      "group": 1
    },
    {
      "f1": -270.409,
      "f2": -278.16200000000003,
      "f3": 441.68199999999996,
      "f4": -176.253,
      "f5": 883.3639999999999,
      "f6": 65.487,
      "f7": 595.948,
      "f8": 73.24,
      "f9": -291.29200000000003,
      "group": 1
    },
    {
      "f1": -219.143,
      "f2": -648.286,
      "f3": 431.42900000000003,
      "f4": -433.714,
      "f5": 862.857,
      "f6": -216.857,
      "f7": 429.14300000000003,
      "f8": 212.28599999999997,
      "f9": -648.286,
      "group": 1
    },
    {
      "f1": 89.117,
      "f2": 282.514,
      "f3": -124.036,
      "f4": 338.655,
      "f5": -71.818,
      "f6": 463.537,
      "f7": 116.579,
      "f8": 41.63399999999999,
      "f9": 237.524,
      "group": 2
    },
    {
      "f1": 313.403,
      "f2": 220.859,
      "f3": -347.469,
      "f4": 332.577,
      "f5": -273.094,
      "f6": 424.12699999999995,
      "f7": -98.226,
      "f8": 377.858,
      "f9": 151.38299999999998,
      "group": 2
    },
    {
      "f1": 176.387,
      "f2": 284.857,
      "f3": -431.76300000000003,
      "f4": 381.256,
      "f5": -431.76300000000003,
      "f6": 430.43,
      "f7": -251.035,
      "f8": 176.387,
      "f9": 241.972,
      "group": 2
    },
    {
      "f1": -292.476,
      "f2": 347.465,
      "f3": -10.21,
      "f4": 201.162,
      "f5": 54.32,
      "f6": 419.599,
      "f7": 266.309,
      "f8": -397.167,
      "f9": 259.274,
      "group": 3
    },
    {
      "f1": -228.572,
      "f2": 305.057,
      "f3": -64.38,
      "f4": 143.514,
      "f5": 91.336,
      "f6": 406.80800000000005,
      "f7": 262.652,
      "f8": -175.601,
      "f9": 212.065,
      "group": 3
    },
    {
      "f1": 234.252,
      "f2": 160.236,
      "f3": -82.26100000000001,
      "f4": 219.298,
      "f5": 93.367,
      "f6": 399.996,
      "f7": 244.18099999999998,
      "f8": 366.936,
      "f9": 73.336,
      "group": 2
    },
    {
      "f1": 291.313,
      "f2": 178.86900000000003,
      "f3": -214.247,
      "f4": 331.22900000000004,
      "f5": -130.175,
      "f6": 412.102,
      "f7": 18.985,
      "f8": 375.385,
      "f9": 133.375,
      "group": 2
    },
    {
      "f1": 169.33,
      "f2": 284.548,
      "f3": -421.211,
      "f4": 382.523,
      "f5": -421.211,
      "f6": 431.355,
      "f7": -242.505,
      "f8": 169.33,
      "f9": 244.78099999999998,
      "group": 2
    },
    {
      "f1": 167.83599999999998,
      "f2": 245.18099999999998,
      "f3": -281.13,
      "f4": 372.38800000000003,
      "f5": -251.365,
      "f6": 430.395,
      "f7": -95.916,
      "f8": 197.602,
      "f9": 223.12400000000002,
      "group": 2
    },
    {
      "f1": -312.853,
      "f2": 296.978,
      "f3": 123.775,
      "f4": 130.91299999999998,
      "f5": 198.7,
      "f6": 363.82599999999996,
      "f7": 423.535,
      "f8": -448.233,
      "f9": 167.263,
      "group": 3
    },
    {
      "f1": -111.601,
      "f2": 199.215,
      "f3": 268.817,
      "f4": 147.461,
      "f5": 345.213,
      "f6": 307.931,
      "f7": 538.003,
      "f8": -263.476,
      "f9": 53.268,
      "group": 1
    },
    {
      "f1": -313.743,
      "f2": 286.528,
      "f3": 131.697,
      "f4": 132.93200000000002,
      "f5": 204.22099999999998,
      "f6": 362.16900000000004,
      "f7": 436.575,
      "f8": -458.69300000000004,
      "f9": 167.55200000000002,
      "group": 3
    },
    {
      "f1": -353.134,
      "f2": 269.449,
      "f3": 166.81799999999998,
      "f4": 78.115,
      "f5": 192.78900000000002,
      "f6": 316.442,
      "f7": 452.139,
      "f8": -576.73,
      "f9": 145.928,
      "group": 3
    },
    {
      "f1": -258.827,
      "f2": 234.44,
      "f3": 191.271,
      "f4": 142.33100000000002,
      "f5": 258.605,
      "f6": 342.472,
      "f7": 499.444,
      "f8": -430.79400000000004,
      "f9": 135.94299999999998,
      "group": 3
    },
    {
      "f1": 308.243,
      "f2": -40.243,
      "f3": 252.577,
      "f4": 87.225,
      "f5": 238.595,
      "f6": 87.225,
      "f7": 380.045,
      "f8": 184.36900000000003,
      "f9": -252.577,
      "group": 1
    },
    {
      "f1": 291.976,
      "f2": -23.976,
      "f3": 169.435,
      "f4": 161.329,
      "f5": 265.70599999999996,
      "f6": 161.329,
      "f7": 354.741,
      "f8": 338.0,
      "f9": -169.435,
      "group": 2
    },
    {
      "f1": -244.0,
      "f2": -280.857,
      "f3": 536.0,
      "f4": -246.857,
      "f5": 823.0,
      "f6": -9.429,
      "f7": 628.286,
      "f8": -138.571,
      "f9": -379.14300000000003,
      "group": 1
    },
    {
      "f1": -244.0,
      "f2": -280.857,
      "f3": 586.821,
      "f4": -297.67900000000003,
      "f5": 772.179,
      "f6": -60.25,
      "f7": 628.286,
      "f8": -291.036,
      "f9": -429.964,
      "group": 1
    },
    {
      "f1": -48.442,
      "f2": -498.209,
      "f3": 493.30199999999996,
      "f4": -378.814,
      "f5": 670.14,
      "f6": -215.88400000000001,
      "f7": 449.767,
      "f8": 22.906999999999996,
      "f9": -656.2330000000001,
      "group": 1
    },
    {
      "f1": -203.2,
      "f2": -653.6,
      "f3": 495.2,
      "f4": -484.2,
      "f5": 823.0,
      "f6": -270.0,
      "f7": 450.4,
      "f8": 68.8,
      "f9": -709.4,
      "group": 1
    },
    {
      "f1": -203.2,
      "f2": -653.6,
      "f3": 559.05,
      "f4": -548.05,
      "f5": 759.15,
      "f6": -333.85,
      "f7": 450.4,
      "f8": -122.75,
      "f9": -773.25,
      "group": 1
    },
    {
      "f1": 419.19599999999997,
      "f2": -28.284000000000002,
      "f3": 240.618,
      "f4": 31.084,
      "f5": 160.196,
      "f6": 80.249,
      "f7": 349.151,
      "f8": 198.986,
      "f9": -289.782,
      "group": 1
    },
    {
      "f1": 305.2,
      "f2": -37.2,
      "f3": 171.2,
      "f4": 134.0,
      "f5": 342.4,
      "f6": 134.0,
      "f7": 342.4,
      "f8": 476.4,
      "f9": -171.2,
      "group": 2
    },
    {
      "f1": 303.323,
      "f2": -35.323,
      "f3": 166.19400000000002,
      "f4": 140.25799999999998,
      "f5": 338.645,
      "f6": 140.25799999999998,
      "f7": 341.774,
      "f8": 475.774,
      "f9": -166.19400000000002,
      "group": 2
    },
    {
      "f1": 380.983,
      "f2": 197.88,
      "f3": -340.94,
      "f4": 311.718,
      "f5": -270.889,
      "f6": 411.154,
      "f7": -96.53,
      "f8": 451.034,
      "f9": 116.95700000000001,
      "group": 2
    },
    {
      "f1": 439.52,
      "f2": 170.48,
      "f3": -157.233,
      "f4": 208.967,
      "f5": -214.22,
      "f6": 345.767,
      "f7": 18.053,
      "f8": 309.673,
      "f9": 20.433,
      "group": 2
    },
    {
      "f1": 480.586,
      "f2": 99.21600000000001,
      "f3": 0.9640000000000001,
      "f4": 105.459,
      "f5": -114.874,
      "f6": 230.18,
      "f7": 131.928,
      "f8": 242.667,
      "f9": -125.685,
      "group": 2
    },
    {
      "f1": 404.94300000000004,
      "f2": 14.511,
      "f3": 33.305,
      "f4": 200.351,
      "f5": 208.688,
      "f6": 260.933,
      "f7": 279.72700000000003,
      "f8": 580.326,
      "f9": -93.887,
      "group": 2
    },
    {
      "f1": -125.09100000000001,
      "f2": -556.909,
      "f3": 383.545,
      "f4": -346.591,
      "f5": 789.455,
      "f6": -139.81799999999998,
      "f7": 409.455,
      "f8": 280.818,
      "f9": -590.318,
      "group": 1
    },
    {
      "f1": 390.14599999999996,
      "f2": 186.266,
      "f3": -138.2,
      "f4": 212.885,
      "f5": -208.51,
      "f6": 348.006,
      "f7": 31.936,
      "f8": 228.838,
      "f9": 36.668,
      "group": 2
    },
    {
      "f1": -132.269,
      "f2": -233.885,
      "f3": 347.654,
      "f4": -116.885,
      "f5": 746.385,
      "f6": 111.42299999999999,
      "f7": 524.308,
      "f8": 187.5,
      "f9": -260.115,
      "group": 1
    },
    {
      "f1": -261.786,
      "f2": -250.65,
      "f3": 416.77,
      "f4": -136.285,
      "f5": 854.6189999999999,
      "f6": 98.885,
      "f7": 592.526,
      "f8": 77.21,
      "f9": -256.525,
      "group": 1
    },
    {
      "f1": -177.676,
      "f2": -604.054,
      "f3": 423.135,
      "f4": -390.865,
      "f5": 846.27,
      "f6": -180.919,
      "f7": 426.37800000000004,
      "f8": 245.459,
      "f9": -633.081,
      "group": 1
    },
    {
      "f1": -101.309,
      "f2": 230.81099999999998,
      "f3": 120.14299999999999,
      "f4": 167.984,
      "f5": 194.459,
      "f6": 361.88800000000003,
      "f7": 420.023,
      "f8": -217.30200000000002,
      "f9": 101.54700000000001,
      "group": 3
    },
    {
      "f1": 329.477,
      "f2": 205.91299999999998,
      "f3": -360.314,
      "f4": 331.092,
      "f5": -295.461,
      "f6": 407.846,
      "f7": -120.62899999999999,
      "f8": 394.33,
      "f9": 132.55100000000002,
      "group": 2
    },
    {
      "f1": -288.296,
      "f2": 292.643,
      "f3": 109.08,
      "f4": 137.016,
      "f5": 183.738,
      "f6": 368.796,
      "f7": 411.80400000000003,
      "f8": -418.06699999999995,
      "f9": 164.582,
      "group": 3
    },
    {
      "f1": -167.333,
      "f2": -605.778,
      "f3": 459.333,
      "f4": -418.444,
      "f5": 823.0,
      "f6": -210.222,
      "f7": 438.444,
      "f8": 164.44400000000002,
      "f9": -667.556,
      "group": 1
    },
    {
      "f1": -167.333,
      "f2": -605.778,
      "f3": 520.194,
      "f4": -479.306,
      "f5": 762.1389999999999,
      "f6": -271.08299999999997,
      "f7": 438.444,
      "f8": -18.139,
      "f9": -728.4169999999999,
      "group": 1
    }
  ],
  "bands": {
    "1": {
      "lower_bound": {
        "f1": -213.46300000000002,
        "f2": -280.857,
        "f3": 340.292,
        "f4": -261.39425,
        "f5": 400.34675,
        "f6": -59.02025,
        "f7": 464.5525,
        "f8": -296.75925,
        "f9": -389.4815
      },
      "upper_bound": {
        "f1": 5.52625,
        "f2": 84.49000000000001,
        "f3": 534.4,
        "f4": 40.8615,
        "f5": 771.8802499999999,
        "f6": 190.69,
        "f7": 626.8735,
        "f8": 74.45125,
        "f9": -49.599999999999994
      },
      "median": {
        "f1": -115.634,
        "f2": -56.6845,
        "f3": 425.5675,
        "f4": -62.83800000000001,
        "f5": 537.3995,
        "f6": 76.09100000000001,
        "f7": 569.1795,
        "f8": -107.3555,
        "f9": -224.9075
      }
    },
    "2": {
      "lower_bound": {
        "f1": 170.7005,
        "f2": 99.86500000000001,
        "f3": -275.418,
        "f4": 183.185,
        "f5": -254.341,
        "f6": 296.6,
        "f7": -86.88625,
        "f8": 180.38725,
        "f9": -32.415499999999994
      },
      "upper_bound": {
        "f1": 387.85524999999996,
        "f2": 243.03574999999998,
        "f3": 29.899,
        "f4": 332.24,
        "f5": 219.662,
        "f6": 430.81550000000004,
        "f7": 326.2445,
        "f8": 440.1625,
        "f9": 217.32175
      },
      "median": {
        "f1": 304.26149999999996,
        "f2": 174.67450000000002,
        "f3": -131.118,
        "f4": 220.0625,
        "f5": -122.5245,
        "f6": 371.783,
        "f7": 85.26599999999999,
        "f8": 317.02250000000004,
        "f9": 84.9245
      }
    },
    "3": {
      "lower_bound": {
        "f1": -416.227,
        "f2": 284.402,
        "f3": 2.1719999999999997,
        "f4": 108.15,
        "f5": 103.804,
        "f6": 362.16900000000004,
        "f7": 266.309,
        "f8": -477.8,
        "f9": 228.0
      },
      "upper_bound": {
        "f1": -264.545,
        "f2": 340.227,
        "f3": 114.0,
        "f4": 260.41700000000003,
        "f5": 198.7,
        "f6": 408.205,
        "f7": 396.625,
        "f8": -390.87699999999995,
        "f9": 312.887
      },
      "median": {
        "f1": -316.25,
        "f2": 296.978,
        "f3": 63.869,
        "f4": 170.446,
        "f5": 140.783,
        "f6": 376.07099999999997,
        "f7": 331.236,
        "f8": -448.233,
        "f9": 259.2
      }
    }
  },
  "positions": {
    "f2": 0.0,
    "f9": 0.07199593925462229,
    "f6": 0.14275124287944202,
    "f4": 0.21578169964951838,
    "f1": 0.4368550648791425,
    "f8": 0.5395817485456227,
    "f5": 0.8404182437470515,
    "f3": 0.9223382012001597,
    "f7": 0.9999999999999998
  }
}
