f1,f2,f3,f4,f5
0.10035058341634646,4.0860412019084326e-07,0.20121696796582442,0.10026901684270162,0.10094191719483224
0.10025708885910516,4.046812258434438e-07,0.20104286812795016,0.0,0.20079725182457628
0.10107575316575439,0.10096042076011615,0.20086133265879674,0.0,0.1009526575103422
0.0,0.0999868689987405,0.00035826109530304846,0.2013612243292438,0.20118721574720505
0.2007916012492293,0.10077990904300829,0.20160460741138309,0.0,3.36517988828052e-07
0.0,0.0,0.10079138746983143,0.10017101542872578,0.30108418687958016
0.20055014850077618,0.0,0.10052319834679264,0.10022271494145371,0.09952012172743853
0.2002437336403048,0.09969114618555419,0.0,0.20061678959471893,1.2556493634550873e-05
0.10104793669154408,0.10134065182126381,0.10037244190259158,0.10004997804528874,0.10005040136879169
0.09941801026357433,0.2008833793565003,0.10038202687168883,0.09985989620102773,0.0
0.20077155050977027,5.0722695315206704e-05,0.20050593449100199,0.10041303028478044,0.0
0.0,0.0,0.20107187458069317,0.20088358126500652,0.10003517804846697
0.10052617040493891,0.20103788160674627,0.00013109033051138488,0.10075139604679285,0.10046522412247
3.2760318002353804e-05,0.10020944046432217,0.10065587299223136,0.20007734919558004,0.10040067446275654
0.101299803146238,6.41890123955793e-06,0.20133777699411956,0.20169235807442,3.918865719933071e-05
0.20096330389284903,0.0,0.3009054731269166,8.217956214460158e-06,0.0
0.20085887825464754,0.3007208285544042,0.0,0.0,0.0
0.10051118108122796,0.10012554442085439,0.0,0.20122555929430663,0.10084114012997565
0.10013522949908195,0.20075856893921734,0.0,1.3184793758063456e-05,0.20064628311437502
7.001653076418536e-05,0.10103709051136686,0.0,0.301270891306784,0.10047042805116657
0.0,0.1003581375414751,0.1003391526334362,0.10051325388275711,0.1995691678219265
0.10088954564794707,0.10085650037267115,0.00013746017363809178,0.10026260290002696,0.20028610873929792
0.300793125131288,0.10040066613562608,0.0,0.1004839085858616,0.0
0.40181418205168024,0.0,0.1005376871336766,0.0,5.813750096713911e-09
0.0,0.0,0.0,0.0,0.5001530117952786
0.00017524761671048564,0.10122433453407993,0.20073315312663986,0.10073740563165495,0.09960966726811736
0.0,0.10061747864207193,0.20063435744180785,0.20152943817422145,0.0
0.20055970050831912,1.7341991690499416e-06,0.0,0.20097329066304737,0.10048038491947463
0.3005199089071906,0.0001413458881744794,0.20008351036383062,0.0,0.00010216539378221438
0.0,0.10039295632958566,0.2012546702209378,0.0,0.20038403073494934
0.00046206168082332024,0.09989405617671585,0.4024279215637277,8.029326088437453e-07,0.0
0.0,0.20047467927895296,0.0,0.2006219021563369,0.10025930968302547
0.20020264476477723,0.0002810148414203701,0.10062976443146944,0.2008883920303531,0.0
0.0,0.20059561968646272,0.10033940933913495,0.20084742151712232,0.0
0.20141185365408557,0.10001119852580811,0.10100747817099792,0.10040397029315298,4.089338296859987e-05
0.0,0.0,0.3004295744702189,0.10032757603697859,0.10049603191117287
0.09972534129841433,0.20022929454574537,0.09920599767752959,0.0009310685515069222,0.10058172973001464
0.0,0.19973772642430015,0.0,0.1005130835283116,0.20060835650785339
0.1008697598326707,0.0,0.00010322791685582496,0.20097021334419277,0.2008976804148064
0.0,0.4007471853447775,0.0,0.0,0.09998751964016185
0.30237963144206487,0.0,0.0,0.10054454685977814,0.1006056443844782
0.20048214651796523,0.1003554055975421,0.0,0.00040750962155866534,0.20076194856275442
0.0,0.20036244995932895,0.20089017375257315,0.1003755186980575,0.0
0.2009334096228677,0.10059403673584286,0.10092614035675347,0.00040171055698501573,0.1003312827976757
4.0971163900127524e-05,0.10004656533098617,0.3010826897743291,0.0,0.10091001330964564
0.0,0.0,0.20040629879931232,0.1000526435486088,0.19990494545405849
0.0,0.0,0.10038467030783173,0.20032788743575716,0.20017888466914266
4.717462935461325e-06,0.1003696119187476,0.30158726833844607,0.10019587976258242,0.0
0.0,0.0,0.0,0.10001244235017928,0.40034884476813193
1.7884237620297313e-05,0.10013863131062652,6.026810422060201e-05,0.10061398297855229,0.30030814717921944
0.10014641049458095,0.0,0.0,0.3008993299693332,0.10053356662816693
0.0,0.2004096003730019,0.0,0.30047309363470703,0.0
0.10035588231509635,0.29996617406882997,0.0,0.0,0.10030784804193767
0.0,0.09898757139949266,0.10070911316507389,0.3012922709551319,0.0
0.0,0.20021119045611838,0.20097316351126357,0.0,0.10030359877741227
0.0,0.0,0.10035603129723644,0.00026448735488871503,0.4005341510951579
0.0,0.300495743427248,0.10013142199504796,0.09980572596133226,0.0
0.30153709285837416,0.0,0.10009232086849945,0.1000947201161993,0.0
0.0,0.0,0.3008381165996578,0.20029759103756534,0.0
0.10077414203757229,0.0,0.0,0.0,0.4023919266433431
0.20064130417432424,0.00015735090636058915,0.20108185010747012,1.875313682382421e-05,0.10009477693078025
0.3019755568181896,0.1008073292407527,0.10040838152492235,0.0,0.0005564275337083406
0.30056870394230284,0.10067058604379903,0.0006150044006992987,3.2209900917081695e-08,0.10028232319053003
0.10017257082840146,0.40096123945499207,0.0,0.0,0.0
0.10067008628672966,0.301239476347176,0.09905347623230289,0.0,0.0
0.20053200017583125,0.20084811631208344,0.1003722093440104,0.0,0.00010026825758798696
0.10094648986946644,0.20016564110565835,0.0,0.20077522615074894,0.0
0.0,0.0,0.30008122791735187,0.0,0.20018117257242923
0.10013887602332373,0.10056146832289735,0.2000418705437253,0.10025326628803248,0.0
0.30106950527650944,0.0,0.10023167134199143,7.114226295806751e-06,0.10023187282944407
0.00027907035562714624,0.10005563328342314,1.05730802764272e-05,9.007175114926929e-06,0.4002876498224967
0.10025132971326378,0.09999575841463794,0.0,0.30068029320984957,3.022830713055175e-06
0.0,0.30051173903569217,0.0,0.0,0.20040452489508034
0.10080794048140329,0.19995871237946422,0.19985706973877987,0.0,0.00012026759207320262
0.0,0.0,0.4007345875101647,0.0,0.10009811430435904
0.30208868096194774,0.0,0.0,0.19920092750952978,0.0
0.10032365120724236,0.0,0.09907197988437634,0.20055017301420727,0.1003275742192626
0.0,0.0,0.0,0.20009898203358295,0.30032027182871085
0.10043264053387414,8.225313602845221e-05,0.0,0.4015473877893005,0.0
0.0,0.20057293928796224,0.3012098509901531,0.0,0.0
0.00044047040883929216,0.10036221175547533,0.10052134371106705,0.0001198897266240885,0.30053275101753507
0.19961576373122683,0.0,0.0,0.10057090640755148,0.2005309135703861
0.20126959475983847,0.20124920598456536,0.0,0.0,0.10041525680704755
0.2006133657492475,0.0,0.0,1.0389941926616943e-06,0.30075181462615164
0.0,0.3009031608146599,0.10041133869035357,0.0,0.1000507876567563
1.6988520798779582e-06,3.0292833605027624e-05,0.4008533809036282,0.10030040973532883,0.0
0.30082081365833335,0.0,0.0,0.0,0.20077683845982375
0.20069296707909853,0.20101159855888473,0.00020277039567973197,0.09976343842756359,0.0
0.0,0.0,0.0,0.40053400183474075,0.10005900363700884
0.4003642250647305,3.926356950067627e-05,3.5453887821806418e-06,0.10009934724337188,0.0
0.10056883225637686,0.09991987937287153,0.10098109651757899,0.1993213936394381,0.0
0.20101851794978787,0.09999514805710598,0.0,0.10009312748429865,0.10043232683377457
7.123134827046882e-05,0.40248642431659876,0.0,0.1004535419546487,0.0
0.0,0.0,0.2001910646315492,0.30056790167687364,0.0
0.20032927911603934,0.0,0.0,0.30111857766829186,0.0
0.0,0.0,0.10016218253367783,0.4013804065272544,0.0
0.10072879450619347,0.100217023568737,0.30019871769593015,0.0,0.00015580143669419256
0.4004199354587805,0.0,0.0,5.981312410620912e-10,0.10006567642309391
0.0,0.0,0.0,0.3005501613883721,0.19993891680468348
6.439037851529555e-07,0.2003763101203429,0.09977476977766618,0.0,0.20049789091533554
0.10127078735474984,0.0,0.099886468725788,0.301319140830906,0.0
0.10056182139283162,0.0,0.00011063423650367927,0.10058208747401413,0.3007731226666497
0.0,0.0,0.09994711914432126,0.30118470005884157,0.10047771730699809
0.22597294858967074,0.011235827890894575,0.0,0.09962484114053305,0.16474382425437933
0.14897463182180373,0.12976144406044843,0.0894072883731543,0.0,0.13308367257744505
0.0,0.3004783549409014,0.20040275228509258,0.00011279386414654477,0.0
0.10075197463182818,0.0,0.40425117536255883,0.0,0.0
0.0,0.0,0.20034777401972256,0.0,0.30044349979767954
0.25457188101526096,0.21659489466759732,4.89163085185863e-06,0.0298898144274984,0.00017795673841918843
0.10133194040860061,0.0,0.10118294057790388,0.10042533684162645,0.2019221214261659
0.026056103885722992,0.013531828618216252,0.22470841328529492,0.022340881944826942,0.2151758264882938
0.00796436927360117,0.12884249932068462,0.20972758010714734,0.06500201123140176,0.09564423601901233
0.0021878422158146497,0.0021640154937438002,0.002858298532821928,0.4128677123829426,0.08104157450593585
0.009055438110815075,0.15343327691920622,0.23753517931814794,0.1012856282652514,9.976442804441478e-05
0.0,0.3008628817932561,0.0,0.1002703076094017,0.1001694077432224
0.059240562182479056,0.14574434415190057,0.1346705639437422,0.04821298217963806,0.11290960030765565
0.1731217681256717,0.0,0.09935612672112752,0.13399276089177745,0.09730012757710524
0.06080696998176561,0.08666456041097807,0.06488801798707935,0.001428099154306082,0.2886368157079942
0.2502009005764847,0.06970389477115793,0.08113864902408016,0.0,0.10109515500284534
0.1302021376033867,0.34007797231574777,0.0,0.005746987558262313,0.024686838095752155
0.033873293149558614,0.10688972110346186,0.0029220372031249528,0.07096323733115388,0.2857013133553582
0.021914610944312636,0.36340138242792774,0.08365742291515918,0.02980149212361543,0.003260012714722622
0.0,0.20071626263455003,0.09990126398279917,0.09993848438605228,0.10077019763230874
0.3503937345241282,0.03440097799887857,0.08599281893701376,0.02871458177212092,0.003265872433022647
0.3584680673031743,0.08943864550386611,0.0,0.0,0.05436997320778332
0.1676495962231717,0.1649372037045094,0.13582484074447387,0.03250184662426325,0.001828937945323613
0.23020816366930433,0.1595534997844454,0.010220475842388787,0.10043903226969415,0.0001530279791011041
0.011366032557782266,0.20217233569338028,0.04428786979890331,0.15711295135981806,0.08713392494638743
0.00010784902801770913,0.21923134446857995,0.025324321853425022,0.24577551825322255,0.010422828632600564
0.01814638126304486,0.24887231413857439,0.1005231023247188,0.11844562847800362,0.014827462517581113
0.04439245530082464,0.04369160273007268,0.03603389952213269,0.1743515757904195,0.20434892808777042
0.1299350728991054,0.1425110556341119,0.002754032004585463,0.09470813470977257,0.13284359706191842
0.05268471723045476,0.16175318199645577,0.10581831196119615,0.1741753350090333,0.006156187870673998
0.1210800152638283,0.0040471660073253665,0.0,0.37707836931416766,0.0
0.15880566574815214,0.16221370652915287,0.034659891848237825,0.0008541448418046555,0.14371126096772033
0.029019787368496825,0.0,0.015081668028156428,0.05018323572866089,0.4067512278660736
0.31717853920055195,0.01709788733194775,0.00621666326393912,0.15987688551764367,0.0004094888321230514
0.0007145093643905855,0.0015312546528621156,0.0022529741505417505,0.30112603634290774,0.19467319715530568
0.03929222832948272,0.15670353476760043,0.0008218218418497609,0.00013566455587316547,0.30388604202210145
0.14419759575462004,0.04070123724485045,0.09420710667824002,0.21769607265231194,0.004310588163047091
0.4927647414716386,0.0026359762814002195,0.003319521758037342,0.0,0.002028459453971173
0.01452885142125958,0.33006763893593666,0.03141024576329093,0.12480231450898974,0.0011395566072023536
0.09976529076663737,0.10054247214694129,0.00043509202877236105,0.0,0.3006760198247941
0.025073604769262858,0.05064399886149719,0.05024367352599359,0.3760219017802422,0.00015128302360529396
0.07492396661552927,0.23327131186869385,0.06531791522080717,0.12747756199114985,0.003306818045094147
0.1381605407271036,0.15031025163141395,0.002863355781117359,0.16874536117541575,0.04096686296497178
0.22344115497427297,0.007157678594392475,0.11513205509167992,0.05645294251099532,0.09849266649765367
0.07602652673414285,0.0007869684561099399,0.159611115561748,0.1613282728161785,0.10307039443776657
0.19073778144972123,0.004948614494849106,0.19221303345112994,0.11401362286255083,0.0
0.1994880381903328,0.13643599096142373,0.0008309270263970883,0.14661947705184292,0.017669627203755926
0.0,0.25145639744462484,0.12558740254005143,0.12409742043519532,7.36654585150918e-05
0.0037142572173542265,0.2848133701200331,0.0041204031373895545,0.00920160017863458,0.1996474098601424
0.1683525895691357,0.05273694218746299,0.2435926014102535,0.0008768599364768838,0.036444100497481764
0.23910587426385452,0.07503524963458043,0.0766955551371037,0.010993765360024511,0.10014395415397923
0.0049557164519221375,0.00012003824515280784,0.16441282094719367,0.03503304848763578,0.295935370779875
0.25475611477379695,0.0,0.0009274766404129361,0.13458831611133204,0.11102169719651048
0.18499053226957698,0.0006414270405120229,0.0,0.3159661905603963,0.0
0.10079169053940869,0.27459932615193483,0.027014324885521288,0.01924479965063636,0.08041440533229788
0.000794829366140283,0.14993478883552377,0.005447149702777466,0.13327280582557122,0.21307471334717523
0.02694732196263353,0.03367682733154361,0.13099994474822751,0.004000112963158085,0.30666964461557517
0.21720496457340405,0.0008730734238806242,0.1637534306967247,0.032108587230163896,0.08806389719464992
0.018155818338720178,0.319927400379282,0.0022831149390334436,0.15522638383451334,0.0069968090322395935
0.0,0.05362577562022375,0.2322008987567873,4.7020799716601264e-05,0.2409486126169448
0.02218881440476885,0.3101258690130344,0.16613761760958373,0.0,0.002887169041963378
0.03777422040067609,0.03681635345946273,0.0007083165651353039,0.34519622706375347,0.08045783117832671
0.006085093412840965,0.18217573283732472,0.05855850286170431,0.10208437908032181,0.15203842430351525
0.0001322002539201677,0.3720334588945925,0.007346189429594758,0.0,0.1211432833908777
0.13993534947051434,0.15608798614764427,0.09978908022079301,0.10484994317379699,0.0
0.0001171708687434448,0.00047898916243357416,0.2756356815902949,0.009177261276386926,0.21819116161647745
0.09522789236275003,0.2963193026275295,0.008745472436536233,0.09830724683493126,0.002435058005386251
0.0,0.37914668367043775,0.0,0.12038495916745938,0.0019596255196147622
0.0,0.09926750449016093,0.40175572336429216,0.00017350352978989312,0.00026053865790591713
0.22332125706538192,0.07629246960415709,0.004399587860342671,0.09900074257258319,0.09741603071924738
0.0028859877763743437,0.23373547913138812,0.0,0.0,0.2639230712234905
0.03887095585261934,0.020045022900669566,0.2524672384107784,0.09117220768070403,0.09995857011219392
0.2979351966708432,0.13570257262114102,0.06227333041068852,0.0058261804237642835,0.0003159030662258409
0.04149308583074456,0.2565783733997127,0.10136708906823289,0.0012282360890845437,0.10141587679502598
0.12192173875809531,0.14712251194510959,0.13712764935545319,0.09204885199517676,0.00378498874254985
0.04483063139882013,0.00041115670735173353,0.08846685656509377,0.047512755838695554,0.319935277586853
0.02711788774231099,0.11595632601319371,0.0005953166507085631,0.05393539648914177,0.3032347018113841
0.20578110272946862,0.16104486914202137,0.01029464173870133,0.1254130762940136,0.0011283848168620568
0.06843827054460666,0.06440054238479273,0.06603306248556201,0.0024897063877767672,0.2992046821116429
0.0019414230106512915,0.07290614730103578,0.0,0.37174727366737415,0.05580292525823331
0.010868601979732004,0.13513975540139095,0.058171147305570596,0.2966389474679456,1.2287811378753364e-05
0.10096765957950231,0.0,0.33921083136444197,0.06054536717687705,0.0
0.03315064715030273,0.1604297924103866,0.054132324605943735,0.15625038160860655,0.09639458345348863
0.20243753980355694,0.0,0.04062701448311512,0.25554711657971235,0.0020509287759693027
0.008507361216713073,0.18755596909540062,0.19233116938461442,0.011534352736836078,0.10176701529117385
0.06246740995813945,0.05914949649701787,0.2597845276719061,0.11920508147787613,0.0
0.2143233527770048,0.018219255386119203,0.0022502405889139395,0.16339884379648612,0.10340288700858301
0.023049634602656327,0.0003443554013303037,0.03840288962657967,0.19764089099467214,0.2461501175905028
0.12830372675822652,3.247758776255976e-07,0.24082151823154954,0.13032462564810346,0.0021868245439659794
0.0003630110657293172,0.22298582152324306,0.27744503339231347,0.0,0.0009333270563736553
0.1822880549368397,0.016108573654875127,0.20276315165900755,0.0,0.10051888489576492
0.2725201564069158,0.00019067400752352862,0.1401438734610645,0.0053858526314688035,0.0840525289213228
0.14711773258630084,0.1456186105089875,0.00747882150656226,0.0,0.2004812372602819
0.0034513411726016466,0.3652823333081261,0.0,0.13169953161719952,0.0
0.03935943743432249,0.003963527047727529,0.10048531503746827,0.0006418783286033319,0.3574292948859888
0.07903412452740723,0.10316350187853456,0.0077597144403648375,0.21107849355561276,0.10002660154387845
0.11504173745672461,0.0001010549044676153,0.32784361551115304,0.01478280844818423,0.0426013833806643
0.19379996525690685,0.09831901149944085,0.2064408719783465,0.00220281872338209,0.0
0.2091408667122345,0.000830964322964102,0.15648234215395568,0.047642921255414736,0.08816889431273055
0.04147639956549819,0.00024464530685826334,0.058585034621920634,0.10120666349959713,0.300091034300649
0.009862944455230643,5.095672269786454e-06,0.21836089468481512,0.2143894045194646,0.05858212974405481
0.006506675044359081,0.4139765439644981,0.0016280923526894372,0.0106434190343577,0.06851082966950667
0.2124170646092338,0.03716154299917886,0.20052606841214451,0.0022203137255479943,0.04950280755069986
0.17018654412023387,0.0,0.2991920721979024,0.02733475071886083,0.005346523238288401
0.00042378157767278426,0.09211754079801855,0.13385779776291865,0.1118269401846253,0.16230737477383678
0.018837106824099364,0.04026943361049755,0.059088529080351136,0.18496523811902743,0.19938088144150234
0.0,0.27582964494285933,0.12836104438571258,0.0014756410363217073,0.09553721021714627
0.06311435008768373,0.23062581437199947,0.0015448205971781656,0.004912934698881066,0.2004665280493008
0.0,0.0,0.25838298832069523,0.0905860256706384,0.1524389358520014
0.06438079050148086,0.1861749688186126,0.0004715029591895043,0.21547669765998442,0.03485204122790687
0.24496621031536536,0.023507566958651534,0.1988123178059067,0.0,0.035226903184935036
0.1556048944146471,0.004311748218681531,0.06776508008680025,0.26995073357712507,0.004017567445495778
0.05198053348875998,0.15075070044043073,4.7049684093282824e-05,0.29884074188069787,0.0
0.005094984762762095,0.31429021414049274,0.15588125013675214,0.021116632490067875,0.004548182972504515
0.08431635089139564,0.08328246239048136,0.31357618981020957,0.015333292894635088,0.0043817883581739
0.00401813974285025,0.23638079376475724,0.0874574992609727,0.1568250421817926,0.01590360275084782
0.0012948893935306478,0.00032922999913194927,0.0009223485298042285,0.08203544946047234,0.41608733111989893
0.15999311842017847,0.007255180770789031,0.00776207752454046,0.19036798106822173,0.13556978735809172
0.0,0.0,0.44041433108127587,0.03244629800683884,0.02813222326599446
0.3343266556748092,0.0003050006488505879,0.15133928719373152,0.005837774292002664,0.008939053619916405
0.010265595218124734,0.03552060650272271,0.0014446276150474684,0.05669497217597516,0.39774205997358475
0.02636689147745105,0.06424798343032859,0.1347333794525979,0.1134649624640144,0.16240606860973672
0.0,0.0,0.28741735843554045,0.11333854239117029,0.10182859118857884
0.050273919191204094,0.20510970227010772,0.0010605777754578256,0.001795982778779047,0.24296223515068638
0.0008150589031720986,0.2864963518230607,0.012279409900917696,0.0,0.2013540145459273
0.004712479028102485,0.2514530706900324,0.24346038623804078,0.0016522207990799188,0.0005005901374554253
0.08043975526585365,0.07876571140526309,0.24349525158765642,0.011922153762495166,0.08706243243205662
0.10338159919309288,0.005976226150210918,0.027963098879051608,0.2592832685007913,0.10487907176262198
0.12269138161853872,0.0633729525937299,0.09028855600819889,4.456989729421299e-07,0.2254428995051377
0.020814811028032253,0.23461442150027859,0.04696055143368145,0.10030235586080541,0.09893256391332729
0.0,0.07647472985217586,0.2264613118875535,0.19150870677566598,0.006282955543216444
0.29583077138898667,0.11331354975627758,0.0008363454334380172,0.08232297741524855,0.008673222528744216
0.22699253651175588,0.058720848983761786,0.09045168233037135,0.12432808925224308,0.002430377571258435
0.25178625848108394,0.017269595886511432,0.09524388618743063,0.13799723597315613,0.0
0.11152127842845849,0.255238308075341,0.09245222744331062,0.041119317037545525,0.002297565387475493
0.002602885437090081,0.0022734053145746455,0.36872215908297445,0.0,0.12961849527281455
0.039861212025510843,0.15550629735496765,0.04369705743412444,0.2126438008857639,0.0494065241527821
0.3795725771258876,0.0019427811349959335,0.020264618986889485,0.0020908832386686655,0.09798510303007549
0.05559933742172331,0.18435583246352966,0.24355460109516333,0.011938079949854125,0.006533340998775368
0.07186016270576037,0.00620646885523157,0.31681924540406037,0.10489076686510106,0.0007733383165158995
0.0,0.4928993453853905,0.002572424733845732,0.004646597332879324,0.0015505548676041573
0.19116990350440835,0.1656111484129138,0.1355727893043249,0.001966008629227475,0.007419955873368968
0.012040701813873613,0.20901946891302572,0.11104880239800898,0.10935010347776575,0.05943329523042032
0.0007562423211235954,0.24716797202708637,0.0,0.2379294702217003,0.014893839983902148
0.0,0.0,0.1401141103453556,0.18098137495058755,0.18152713600312112
0.10802343031115176,0.13945867897276928,0.25220597605544004,0.0,0.0012014706274820386
0.34102442647522263,0.10546765477006383,0.0,2.0823792716787303e-08,0.05448919965386739
0.23663614320922943,0.019089241987059143,0.11464971373463437,0.0,0.13044894732790646
0.04196360434993496,0.11455229575743495,0.03143504277321895,0.04789099327590514,0.2652460837719695
0.40270602684514434,0.0002108991374438725,0.09954936881677544,0.0,0.0
0.006471322945238075,0.06759203493435927,0.2958355320068327,0.13176548246545597,0.0008511655568899725
0.06826184920169454,0.13779626944134254,0.09431385280060367,0.0,0.2003084969585181
0.15174453428065543,0.32745840285881966,0.01094078154606074,0.010637422151574613,0.00018880618754335
0.10604928068063924,0.0027600236989550426,0.18722198175865742,0.05991715286717506,0.14590734533246294
0.30917923667104796,0.054894321277647755,0.03982470449878424,0.0,0.09892859386715061
0.07616247326550485,0.000941975755520949,0.13222468294659162,0.29091775003849873,4.74092536896699e-05
0.22516771491472354,0.22193442547950154,0.039785469321656594,0.017990927472475843,0.0
0.1469667574730023,0.0018385299691205973,0.15254718875923082,0.002020212000454973,0.19710727331449995
0.057204521020348745,5.119890803683841e-05,0.0007975367867142735,0.1556553314129013,0.2873765864826144
0.0,0.37430167316008567,0.12779784948538556,0.0,0.0
0.08028806913145502,0.002587225062902282,0.10596303788323522,0.014653468316499281,0.2980541103529666
0.008689245536813562,0.009873471002700656,0.33007491637880604,0.14947118592805486,0.003781033164552774
0.10222875673314774,0.048862385882937245,0.14931951523656634,0.20019909011431336,1.2170653193695754e-05
0.04833484026218724,0.029277897558361486,0.07450799918350241,0.03872389907037883,0.31074259312910685
0.01814484902020746,0.018063812465567694,0.07045594332078327,0.28921803273339175,0.10545761475635006
0.4897190752696591,0.007674591210009022,0.0,0.002896354088260776,4.322265264494032e-05
0.0024432589398687443,0.1008229649580061,0.0486868924290981,0.15226874240583219,0.19906831608889666
0.12940182612157272,0.0013728121420457072,0.18148385106464812,0.16168196752120392,0.028149291751493645
0.003085724058157194,0.0872590192457509,0.0,0.2737011625519431,0.13681346107878453
0.1562444740655013,3.130117790710109e-05,0.08753444197965894,0.25769147482226856,0.0
0.20919292438460632,0.0,0.19849436690643038,0.09423189898259923,0.0
0.26842321118255547,0.00018897522990030417,0.13144613816502276,0.1018410228063817,0.0
0.3784079964975751,0.10296260978740371,0.0,0.0,0.0196171955226604
0.09736625646986927,0.03145991423128007,0.2740871365647159,0.0,0.10018175836778628
0.07905868851621332,0.33974406092900555,0.07269837184688395,0.010406461306856903,0.00023384576180931856
0.11584300345099907,0.12396527392806449,0.0036568296890053045,0.15742124135637037,0.10601939680184291
0.021425260886413267,0.03997837298976482,0.028271601434140203,0.17386631497829322,0.236709517387904
0.14758833698512763,0.0,0.0,0.05857722284801635,0.2950093343572371
0.1441601851793221,0.14321192627050847,0.12078620942814057,0.09340651037407931,0.0012305373424599346
0.09167964311547097,0.002858928020603433,0.0002221948070827938,0.2869351469753275,0.12122166709487713
9.100276308436542e-05,0.10816248851281916,0.22067917403511775,0.11323340929775963,0.05978783397636962
0.03493437357393118,0.01048205679149789,0.15896041628243504,0.2962319164371397,0.0022612007549982494
0.08317556069217577,0.08694212599997231,0.004001009130015247,0.3246326170641108,0.001977318528751542
0.0,0.20343236640932258,0.09728163540566907,0.004300420099766419,0.1956604185466651
0.20173229341209967,0.0,0.1999070308897238,0.05361323991584546,0.04649032953640636
0.23308557211728084,0.07981363932548874,0.07637308863025424,0.010966655749102617,0.10215221772073298
0.16963407564500224,0.13264331017825584,0.0,0.10051356147722368,0.09866489355485382
0.005666746332432242,0.1104722884712142,0.36237061815699106,0.02065537784156978,0.0030322123194637227
0.2127512995479311,0.03789573291763008,0.20193520628096975,0.003248581816431463,0.04590788621328181
0.009615778823397739,0.04023584597881999,0.01643175904062061,0.23350519989390398,0.20355774331622425
0.011418946967646774,0.029906180355800126,0.024002147357437692,0.13371462120517297,0.304060142009917
0.0,0.0,0.0,0.4140707449942356,0.08694476640038416
0.038700965030739796,0.0038145322473599847,0.07232426451870207,0.2934298314364224,0.09307013898727134
0.1743428393935123,0.24924992608150837,0.0008663227590321705,0.0765631636427126,0.00028921180173398475
0.0,0.0897915755125513,0.0,0.3498816751260274,0.060876647474021967
0.18285362701134325,0.0029686719991805412,0.0005691744859530518,0.21445825386647438,0.1001477553664856
0.057295458987243676,0.28289675679336584,0.001704687910923624,0.0009655778463226206,0.1587271310271004
0.008265712426954492,0.2962955075945856,0.0,0.19674061179174282,0.0
0.06844053254581699,0.19072367778510554,0.08042783379751117,0.1640570121920535,0.0
0.10056969472919784,0.001144062397925755,0.3938206109505177,0.0,0.005389113214017889
0.018994256302125714,0.010162044144013255,0.09659348698459609,0.17248671543612798,0.2035392277598111
0.27711781238113037,0.0,0.08043207954316053,0.04946753547760628,0.09394099735157502
0.01647014592107958,0.4232031512048915,0.0,0.03516059496098719,0.026191211787272135
0.24679619436282826,0.0,0.24927208467770304,7.588926857029101e-05,0.00929103838636833
0.0,0.21896707753757227,0.18085438506076726,0.0017353322837821092,0.09933183861208991
0.07621127809637089,0.03292153463991388,0.0,0.3758070763851355,0.01831778474058022
0.017511034316548983,0.0674477445770101,0.0539241842312675,0.36258590195953755,0.0
0.29365947482957927,0.13304533560794327,0.05976482943168952,0.013301782917044693,0.0027412791485302936
0.19609657093530378,0.09441723287765316,0.11174967203018463,0.10037719081902732,3.9208960266652044e-05
0.29140384522948987,1.3885749178388614e-05,0.008424404171325828,0.007787943435053225,0.19336513138360992
0.14017820655616273,0.004027842712459652,0.05579126682344123,0.278369148586145,0.023015843067925333
0.08713380381231947,0.08049825468368957,0.30148944767356334,0.032353888572299414,6.777024307998657e-05
0.15930572050309605,0.15988186113797362,0.008827618668072496,0.16795758382594178,0.005140657704222651
0.11508797030803676,0.08193013200448554,0.19175146852947886,0.10512310869478826,0.006605739736486583
0.00021844325037982985,0.2752770214769335,0.13069657987028,0.0,0.09565374971535574
0.13117286539792022,0.11339280605226565,0.24262994032779134,0.013973540166791537,0.0
0.2102744477151153,0.014707512696123188,0.0,0.09516768353910984,0.2570524809951596
0.0,0.0,0.0,0.30028169863812065,0.20043602948765576
0.3870786417141082,0.0004077391096978037,0.012461319045638783,9.696929716349233e-05,0.1047627525167088
0.08377332229539146,0.1839050152961075,0.0,0.07775482572511473,0.15628862247497263
0.11670775078479538,0.0006011924463952713,0.0,0.0006326162395558027,0.38410908076953443
0.0,0.06873796597818214,0.2566983118532554,0.044375581267501206,0.13280679199569373
0.03920568449342408,0.033257453268587506,0.01714964038790362,0.41161761264719815,0.0
0.0014814395510883403,0.04565714767081241,0.2469313304499589,0.14909559493774177,0.05770553711350431
0.05786057553485362,0.14247376575968348,0.25913725474798405,0.0022521336553908635,0.03870478991432688
0.13590676042853006,0.0,0.0012170803422679463,0.06720948106006867,0.30139503125523187
0.09834590817401695,0.1029049349063468,0.005204206594701824,0.29492207342707394,0.00014810895837795278
0.007312295099943624,0.0069168167759530285,0.006110636871423308,0.2732411733885769,0.2084856443012787
0.00346780959535305,0.09774744773410349,0.0,2.1124902574971458e-07,0.40026215370538076
0.0008504520387068319,0.13200729836717598,0.20238884633454282,0.06525802601857855,0.10106597866888742
0.1979753237759037,0.0,0.10451196812658387,0.0004539818873573897,0.20080071771441307
0.043459473715818576,0.14193764157045355,0.294763175061186,0.012567535019059555,0.021743151617520204
0.04317430935630548,0.0008640696344917985,0.10101334510250339,0.036394992044832965,0.32013691458508947
0.0069765238324550885,0.17277361278059036,0.0017083983110073593,0.18309048490770596,0.13625338034974002
0.1526943669814875,0.06837244053353708,0.07330253469761713,0.10710521443097902,0.1008415659593759
0.004460734425900857,0.057709527351543354,0.013125272642033874,0.11173695979851234,0.3143232214638596
0.01988719214378847,0.23486737569246366,0.04694353374516931,0.09871904969093284,0.10161060433205144
0.055911944640129115,0.12192294132263364,0.0,0.12480726969543454,0.19941643778031692
0.09111013666678548,0.0,0.010757844027842543,0.05157789587790065,0.3480112543719979
0.04109954576390349,0.0,0.15838197939476406,0.0,0.30210636486173714
0.0035466966867785084,0.0003654208169625984,0.40094845340756224,0.01741974385201205,0.07835051514992421
0.07850349658603166,0.06806808323314335,0.0,0.014859000667176145,0.34036523145697695
0.3056631864327336,0.05126278519575536,0.13923358157317695,0.0,0.00556993938316846
0.0012756376001571805,0.0012093140416698886,0.001591365791610095,0.4829187192381281,0.0142778323079419
0.02440365964431731,0.17665832319674374,0.06672351404056494,0.11238152002625175,0.12247912700784107
0.0002821010667101424,0.00035494016551538995,0.1507376476669704,0.24580670078086342,0.10480904494870313
0.06452018463054218,0.14049144851638626,0.000931122966782944,0.13161802634120276,0.1646080285393933
0.10862994336841385,0.00017176380922776156,0.37846170489664294,0.013815425961387184,3.0523077744228346e-06
0.2459067135564011,0.24078288884470994,0.010087012717185137,0.004379318445725163,0.0004580056993682557
0.08426510599901521,0.08616934291773469,0.0,0.23220724258032985,0.09837328238843611
0.08589709887023242,0.2771492708114663,0.0011094175461480334,0.09095002238364272,0.04646206087772689
0.28104367533240354,0.14799432692911543,0.06153130483445483,0.011425215507458517,0.0
0.05619478588671884,0.0008039182406402875,0.04930407463764495,0.14541229203996628,0.24977890304654818
0.05250409105079052,0.05254888293989852,0.04389622899907809,0.034150200684393395,0.31841504512052116
0.00658144912719163,0.00973348779295904,0.029315442536546287,0.013797258680629549,0.44223775225417666
0.0,0.0,0.0,0.4035554579947798,0.0976313689234293
0.19476658153979695,0.0024670444985581768,0.0008788135036422863,0.29746302076707465,0.005858415301484919
8.934948609538949e-05,0.0012681854906964603,0.16411314069580896,0.04129766514966841,0.29345471702650017
0.00849136587834677,0.16344728713017953,0.1676734980731696,0.15299361606926523,0.009081616968625196
0.06007966226830473,0.4214784290398682,0.001698052285305934,0.004206547000435083,0.01289398103449581
0.29323753679859266,0.10467932490857446,0.0,0.0011868663862921339,0.10207754692807414
0.3087536985711024,0.1153807575451941,0.0612678725277239,0.0,0.01506253362212702
0.3673341642718627,0.00434215323375955,0.017330576119066094,0.013762199051211982,0.099846475814649
0.0014980102498508676,0.34098356427074283,0.00036808222409223174,0.0,0.15860317966995344
0.011108018321873938,0.009587565082172013,0.4800969215483578,0.0006742284001471136,0.0
0.005968795514240218,0.4353941844210233,0.06003719757334507,0.0004514011108853352,0.0
0.40346559947913957,0.0,0.00025578403393558953,0.09727585925608774,0.0
0.10553485280623212,0.14593954148960867,0.11798779689229835,0.13313540044605107,0.0
0.1841325243559966,0.17408206430495746,0.013102310614116743,1.8167011353990528e-06,0.13018107247309335
0.08856680136407298,0.0027986315512312687,0.3654598882014652,0.038575646789776985,0.007480518391643204
0.009136889345510782,0.0985106480311443,0.19585732819568433,0.20050886505569912,0.0
0.25074179462315566,0.016737071573044954,0.155498444414849,0.02291045939021126,0.055682276758941114
0.3662026737761644,0.0019121188108737449,0.01704676801880623,0.11711815880330806,0.0006974502560446218
0.09230725077196918,0.0014933924293700994,0.01004142413328889,0.09219178341862966,0.3046001203837517
0.05541521708171921,0.02621228944443064,0.32764953799355234,0.0,0.09307090556523331
0.11056663646638319,0.09739483238501331,0.0014052807678826703,0.0011004919065751937,0.2905380347353579
0.06500908420091094,0.028925211843907995,0.001760352255447783,0.10432715482837736,0.30336326227191884
0.10298395591506626,0.10774121037041386,0.0029066678565469036,0.08746367022981986,0.20371072751147842
0.17116454330231687,0.00019176857193576043,0.13098175988407892,0.19351670876367805,0.004918169799294278
0.1556812790893829,0.00012467516275329563,0.07588296027328303,0.07402846798850274,0.19504980228385663
0.1204873038761176,0.2758816817887959,0.018455366307469454,0.08727866217168959,0.0
0.038954564172617966,0.09513478451151103,0.16368519993265165,0.00481155797366465,0.1984792088116703
0.2992671146696837,0.07580654133316733,0.0008787456016599602,0.1247344384321466,0.0024310544653451576
0.1291511683407531,0.17192075174343158,0.0023002725006608916,0.09907863832704694,0.09943511093755185
0.0,0.25253795086820996,0.1267016788708505,0.12180171169914655,0.0003917013705224762
0.015623810998585945,0.26886610571738695,0.0681008248701611,0.1504466250545562,0.0
0.018461274428984254,0.04531342762757717,0.06028507733259614,0.1895507911247638,0.18893378956572685
0.07207184777767713,0.0,0.22951930469466403,0.0017316656762085662,0.1993516877775982
0.13128594523176032,0.0061847111913356295,0.25838554653261725,0.017314079754297565,0.08773355895998615
0.1211435242598388,0.00106291313334752,0.02457095382453809,0.15411635306249236,0.20065812306641073
0.15148878333449178,0.0,0.14688621102327304,0.005824677427618952,0.1967817412381759
0.19969819693548754,0.00019641582248162593,0.09990958586980676,2.4964356469086904e-06,0.20086062041549657
0.003546196033777022,0.07444443898540114,0.27563996250807615,0.018658368889161035,0.12859679832149695
0.08227665198806833,0.002093910322947067,0.07321249119725973,0.039581322918359176,0.3049787542382102
0.04343127024821081,0.1798420815750389,0.00305476165989914,0.07252337580794693,0.20224409860122333
0.29437083859159474,0.0,0.0015099442327847286,0.004248337828741407,0.20041532256174624
0.0978104803904062,2.595345703371419e-05,0.1239363519699646,0.03924854738907679,0.24477323264955078
0.1011982443969575,0.033182238415573696,0.045614716449014395,0.28125316728937033,0.0422427005771315
0.031187440170843437,0.12643179970353713,0.000689837400292729,0.13559048341711913,0.20858063948060207
0.07167813599579567,0.22056285343817789,0.04445919166245581,0.1625178259030049,0.0018688698686718606
0.006246674931494755,0.15934391922776261,0.27755375320476844,0.03613558953665784,0.02695265360398978
0.06367960923119866,0.067883240792262,0.0674304310451174,0.3016899222774966,0.0
0.11003340771580009,0.37674463375985623,0.0,0.007095228274833727,0.007574974793887501
0.11906854405130139,0.35746946890867526,0.023336021927740522,0.0020661484522263985,0.0
0.13636045885508322,0.14849625498252528,0.006649571188374624,0.10893142785260418,0.10223872494673458
0.006601184219907279,0.07395315429299089,0.2553686050821261,0.16312317021403197,0.0018887446157940804
0.1132519515999652,0.15883367732771148,0.00838856546125675,0.08724448533859622,0.13341323641821712
0.17328621430915334,0.1085203634820371,0.04278041920543638,0.014291721975855464,0.16174113950433128
0.14706036816792703,0.1424879304064664,0.20382402477911174,0.008067836115329947,0.0
0.0,0.0,0.35968573804446213,0.0058739710605648235,0.13567986459972073
0.1448095731878717,0.06395944024357313,0.1970483236968452,0.09214103201954749,0.003814411270137088
0.07731219509383405,0.08924886348310403,0.20679257358067704,0.03563561786395153,0.09252296190877685
0.01705705431296664,0.00018921311584805525,0.01654594194040384,0.1795448669219958,0.2894489344033744
0.026804046630674077,0.1718959363011572,0.03018960539790458,0.10523192851411184,0.16646741766504614
0.0020835310922658478,0.17868714462875046,0.19646943266264028,0.12406857370330794,0.0
0.1257235149768887,0.0,0.0609317612749616,0.1561257324584482,0.15840244043273996
0.013524273280143958,0.31013587333211673,0.008400454819520096,0.08562721380191883,0.08435424701533062
0.004951556498504611,0.11096257809538294,0.33990225530938895,0.0,0.044893907155538135
0.0031178689282446927,0.011243755879017353,0.17388505778903388,0.23515984933787615,0.07966488272887526
0.03437803746346456,0.11422038842936345,0.07357705914246969,0.18900489268498977,0.09039774539878509
0.052430668147481416,0.10521220924478054,0.03253062619424288,0.04873686405454422,0.26204448453210266
0.003135000183441292,0.005608908106091741,0.0918659006300161,0.0977546696819462,0.30421634798809793
0.06770779519633037,0.17887250212856587,0.0006243886277448006,0.21579795416718267,0.03856713324653738
0.1575923154437646,0.06818254998613821,0.113118317653808,0.10314581715270754,0.05924916249135667
0.0011168650625024547,0.01570762803868622,0.4818093268377583,0.0,0.00282932905337305
0.0004504680671704582,0.06780957130812194,0.22363756818444422,0.002666455444541504,0.20814333557709155
0.2880966149205292,0.019445199212998435,0.1316326150648034,0.03107911565491829,0.030977792687836223
0.09669584966550906,0.1915097443352526,0.192380314146092,0.022063420175574697,0.00012063251724855426
0.10026931775583782,0.0,0.30109439017277106,0.0007191081025835822,0.1003603664248875
0.0019965192337732915,0.06203751327197865,0.1691576858097334,0.1502164545601386,0.11751474193486217
0.1290758889237469,0.2553795555784576,0.005605150851820932,0.0066435207789536325,0.104623870444214
0.19805639703210318,6.500175899652678e-05,0.10181878592581424,0.10083908325414885,0.10031570433642878
0.4159155392995866,0.0,0.0,0.0045439092813521,0.08426070127354822
0.003736738448651836,0.09069048778983134,0.013626704081136807,0.0,0.39368017223091245
0.20357433980120973,0.0,0.20271736636477772,0.09514597167645991,3.801054521699133e-05
0.22179112247822474,0.082270044839719,0.0,0.062111808722418185,0.13453805827479756
0.06127394093327735,0.06090993969597192,0.1949371548847458,0.0,0.18910720743867104
0.14187911595495456,0.0008470804586140775,0.13976286146339667,0.020241371666858445,0.19995269698313514
0.011908142394553487,0.24812196702737263,0.0013493788608879389,0.0027449393610363103,0.23623138314307246
0.00420970104504897,0.195818527719204,0.19999730457083884,0.10405723381110275,2.186649607548112e-06
0.1601150021224485,0.12128323025503014,0.09588168934937412,0.0,0.12319263947278535
0.0006485136321548896,0.19531603288789162,0.05083312100237368,0.16176692944179227,0.09433037399349946
0.2887469638427901,0.0932687286251653,0.0,0.003867866581620607,0.11501156734742873
0.0003511873201264426,0.00012585995088116358,0.30734493842510235,0.008844546310615386,0.1849153551798494
0.0029604118885668204,0.015604599113546874,0.0019897532969383215,0.013065286657581167,0.46799570432706833
0.05959235976952991,0.06269914141323642,0.3536610968906191,0.026489359241417244,0.0
0.09117295552775705,0.29865744299461644,0.10583588462722009,0.0,0.005407750356538583
0.07376920712886513,0.060541083459902785,0.2315085574057161,0.11907048976736567,0.016386247309364593
0.012256824452752488,0.18890640102166661,0.13558904391330087,0.1468799294717267,0.017734473026169775
0.21549790597677435,0.19644058919916998,0.08610673348049386,0.0031299395139371693,0.0
0.19897197806982445,0.011725277936234867,0.07763412287331731,4.897752645256062e-05,0.2159572868220627
0.10239945526240926,0.000888158807512821,0.04863372526077506,0.2540268368941949,0.09588930387296286
0.0015886721313171101,0.2743263317111941,0.141089131964457,0.05805959931099291,0.027681172381735432
0.19484533506848736,0.003913051070362701,0.097522385008885,0.009191157326750661,0.19590508357425646
0.021724698692959774,0.046927558532142456,0.17800618160132442,0.24785119006949793,0.006452885849803599
0.0,0.10791299244093604,0.1081690256525769,0.0019321005266541389,0.28450350945784664
0.13145586110058088,0.10619793991280095,0.0,0.16438473132474204,0.09998219467022114
0.0,0.0,0.12778803503645222,0.37435432646135114,0.0
0.0004719522781770712,5.995324235763354e-06,0.2230356111503056,0.07895315829747257,0.19955926368431925
0.061300161448930135,2.457366428115131e-05,0.324888837721759,0.0,0.1163293080573719
0.2673089107856601,0.0,0.13132776032384505,0.10278318771360612,0.00028950704249850633
0.2545735625862849,0.003280140928131132,0.009895952845618375,0.11218148483950306,0.12113814330962122
0.08299060023851636,0.08237210848318458,0.1256342336100124,0.06567795721063892,0.1446601730465738
0.0933552045409559,0.0014624063808915402,0.011255490613206263,0.05038767210164531,0.344258041677772
0.10387116296199538,0.3719028754329449,0.0,0.0,0.027461658731562064
0.22091443205879108,0.003684929421493504,0.0,4.8048934235346884e-05,0.27734660348712065
0.03319932916821026,0.1967965736049579,0.07396456441703375,0.10297850149360864,0.09903400265123372
0.00046097514354052964,0.12340467180996162,0.2473392566515462,0.09319924277800644,0.03599427899998655
9.169754135375121e-05,9.116678051798937e-05,0.0017201184368796324,0.3095884801192476,0.19034254962297964
0.2376405923392818,0.0026586733555358536,0.11636593537888391,0.003712542528904045,0.14223274668728375
0.0,0.15451427372705287,0.0763540144514859,0.26973784963912867,0.001804759455085761
0.00048189328745561677,0.34464263779807264,0.05397324682105497,0.06292197764187024,0.03920541123095266
0.04822433711107805,0.12761602031935618,0.0,0.12299368128413157,0.20363158769194567
0.0934705033580941,0.10688016145806506,0.19974640980286607,0.10056687216103846,0.0005600382689399711
0.019948755693339437,0.030807366613848246,0.15626842088704906,0.29567088776761413,0.0002654938996660787
0.004851940245350059,0.28867323625791025,0.03339256869464965,0.07498669527988522,0.0988962598442948
0.0902926916786533,0.089673446964031,0.17797422576560548,0.0004078538396800411,0.14408563763290916
0.010274955653605885,0.002855001814970123,0.0011224862664552546,0.48898141959360203,0.0
0.041858603168324494,0.037253161509287994,0.18787753908627,0.08415905144465097,0.15117920036312388
0.1634463407096365,0.16145794471980104,0.005616887049520394,0.002241640161243345,0.1735018558983013
0.03577880258223618,0.03932268189202235,0.010246933615285928,0.24736039460792997,0.16992920376167
0.10574354809102166,0.16419667338380606,0.004008303780816003,0.0972550430394323,0.13176533115316527
0.03806870632114656,0.02895623647944705,0.10650937749420612,0.29490573694377764,0.03332170596452345
0.19251486297327544,0.011031200992539753,0.0,0.29594623570731393,0.0018761508152635336
0.13808920788894696,0.061373840589345335,0.09905940291180601,0.09143991670233242,0.1107894515460252
0.11069373271829898,0.08874271593524699,0.22291260851696118,0.00851773464032096,0.07039949057620762
0.0935304933441374,2.4646159514636357e-05,0.10654737096491147,0.10148337816365313,0.20510398026902738
0.0006341744111486451,0.08290171502743747,0.12158887343093966,0.20209656649991986,0.09317298591666623
0.22595701592899867,0.0013351014992000966,0.0015295433138158656,0.26997376752942875,0.003036735662458011
0.14685197636286165,0.27640723410469353,0.05008734241311262,0.0,0.027201383054756577
0.007376046087986264,0.014198063306841813,0.2300204582573049,0.06335210072431142,0.1872767020917351
0.3397358922849085,0.10766845811350696,0.0,0.024538853512983926,0.030856303599920223
0.12798428744753748,0.1638250727872873,0.14996694815811898,0.061134308823190396,0.0
0.00852380586748067,0.4057946069705594,0.00038042552565826376,0.05833347866703879,0.028132838025345008
0.09843587481409286,0.25830796577692255,0.007003033092215955,0.005785143688031843,0.1319266817343754
0.23140884614745072,0.0,0.1056378758588468,0.14758640083295108,0.016192968159913376
0.2741441402321286,0.21708910561486872,0.0,0.0,0.010271776204609366
0.3102566063469911,0.0008005821232176143,0.09142420200549904,0.09881682666659738,0.00044978968742187975
0.11930441360833521,0.05618286160676408,0.0011920266475994397,0.040435178274687254,0.28548806546781547
0.014857248734525983,0.2794180398318418,0.20737779937252085,0.0,0.00015317732553707402
0.1935589481510041,0.3035833413790203,0.0008057972242875422,0.002555214944278708,0.0010599591317044697
0.07797109167740754,0.22637261143860027,0.19450311307106222,0.0018576341480833652,6.5213246141238916e-06
0.15009579700066145,0.21408889164403447,0.0313263659252469,0.0030592236049185864,0.10246743717403355
0.11435854378887353,0.12612764199403856,0.054645875852195554,0.000117563183339881,0.2055073899494906
0.20870103597746664,0.00022712119230753057,0.05240123238141371,0.21008724570264373,0.03137453481905949
0.19863692449079373,0.3011472667948999,0.0,0.0020337582014325665,0.0
0.25250253715025517,0.006341348941963736,0.18627653296377455,0.05636585201004893,0.0
0.05725590780902823,0.11433742712414305,0.22490308075117224,0.10277214160196696,0.001466328614044815
0.08538949846616038,0.08514641355870442,0.08055666308646975,0.2506391461104112,0.0006182581473526241
0.24103616987977772,0.0012280728766507578,0.009585482491840658,0.06043065546015616,0.18991634482829303
0.05637271285868352,0.005156826735281531,0.05975821356974838,0.37775981812990556,0.0028922135214669463
0.0016231774327645947,0.0007218023127242493,0.32614426409856107,0.07157720994568459,0.10136447047072485
0.0974824671854244,0.20752698801051986,0.0021244328203493465,0.006171055412661779,0.18828747093168513
0.04155391407157572,0.1272413630751658,0.12733960442016218,0.06265804428470229,0.14180951468993572
0.0952791673616891,0.0953453407952135,0.09511131991476292,0.2046529378025989,0.010960589896276894
0.09928761761775635,0.19919599527722984,0.20302445961119725,0.0,9.402214706898259e-05
0.08933306566318565,0.21946694404700504,0.04746725271564925,0.04357829523512432,0.10166603120378008
0.04487395271632831,0.0964978898647814,0.0004100049555148919,0.0003754364848267412,0.3584538645130393
0.11576511830090634,0.18781138752084586,0.09920950588690201,0.0,0.09927293380827086
0.037402842066240546,0.08500387909687933,0.030282510488303913,0.34827974506734954,0.0011778375008656447
0.18591656556955938,0.05490083807817029,0.06025429535606587,0.1993445952299116,0.0
0.015048274535377871,0.00046621006511241746,0.020025114368906374,0.16823238798433043,0.2969268909134508
0.11191616721561196,0.25207134309391094,0.0,0.13711476510817416,0.0
0.005822628248154309,3.452481500338215e-05,0.4864652251534349,0.003223176366879605,0.0053988158780475335
0.0007016410893794328,0.057395088216678304,0.0584000183733505,0.3481313056107823,0.0367366159865472
0.29095358701330803,0.0,0.0,0.013078855510412796,0.19666332979506085
0.08689954354017634,0.2657296018373388,0.004148710952081764,0.004919713766435928,0.13911145833013025
0.34941105380763166,0.0011963046239959624,0.02117358351192012,0.12441872833268236,0.0057208906045447625
0.0,0.31688267518188157,0.07845998670487817,0.010942549581707949,0.09847382039407689
0.0002349311162511862,0.28223487220853133,0.21668990740305485,0.001947419190527775,0.0
0.022531522981464998,0.16346618448779235,0.06044282994972806,0.22066002959641812,0.03406165320066305
0.0,0.0,0.2474796097021823,0.21643139960180585,0.038476883643742396
0.09788962587419886,0.003395415207379406,0.35245387034526465,0.025039230867262962,0.023047200950271234
0.008974112475218616,0.19785828729188457,0.10956183443047104,0.07994190527280545,0.10503715647000811
0.05938615925106405,0.07340807540861057,0.06560640370609087,0.30153587156607303,0.0018178294822565873
0.0008116412389918663,0.29370339886188496,0.00015332071675243527,0.20632610846227317,0.0
0.1339452665236195,0.061276464559444965,0.09817321633645414,0.0012918398620612125,0.20617823808158164
0.349435022836846,0.11374247401550105,0.015230019563634819,0.0,0.023479496293574185
0.40219148751391326,0.0019021264670722607,0.09844042178774888,0.0,0.0005822204406112269
0.02388897276028637,0.04218814918406169,0.23350041569413385,0.2017452631998063,0.0
0.048853577003915766,0.04620912762270585,0.07329079584064024,0.061653988635260656,0.2705316261751421
0.0010751219944191317,0.10918339480777992,0.05647471065580859,0.041583562124702024,0.2925248711400072
0.05845326686350303,0.15691730922305114,0.07155691291501878,0.007906013663375754,0.20568187187693865
0.0007202733093773457,0.18972910323889136,0.0006417563274937156,0.3073442864411339,0.002900404643616915
0.22637328945914145,0.10780883890917767,0.048559945493524326,0.0723559401989504,0.0454583438029408
0.08080590249844015,0.17656743964637178,0.007865725935715318,0.010328874590126996,0.22634304094833696
0.02955108322422348,0.44217958151288494,0.0092588827828793,0.007333347191392455,0.012624774713863985
0.001830992048438158,0.12303590671691327,0.0,0.03245745817522524,0.3440604384022192
0.2670805322535536,0.14357831165376178,0.00012192067922892172,0.08712869079209738,0.004053295463435519
0.0032240280518099386,0.10105703281415107,0.18854165120021105,0.08682772365526664,0.122092746247422
0.0,0.18615386809350995,0.20154759603134023,0.012152999127768968,0.10176129888138044
0.0668857744325403,0.06630280837531169,0.09897693925414751,0.07222821925860977,0.20235071181767614
0.28801182358920135,0.02762780267804099,0.0093347398180284,0.13672432753650446,0.039475065094801975
0.034532190327449364,0.21188085730036055,0.2026670134364868,0.004060391290075775,0.04873516845256232
0.03499795798978387,0.3546797662041564,0.11128530673778751,9.15879721863256e-05,0.0010757323303944516
0.06557665848178103,0.22554093492465366,0.09691376908880776,0.09594095745645141,0.018097475463277862
0.0036583024345986518,0.041296710535774286,0.17606448356213145,0.07969399417404012,0.20039635506758316
0.19678099806747618,0.20353216946989977,0.0039198621012247765,0.09924586245633173,0.0
0.0,0.06372220272667702,0.02829255247718215,0.3095752154309529,0.10003348885149868
0.0,0.0,0.22557917475903635,0.1853636280212519,0.09041558588695035
0.1688837894016481,0.08220392206691156,0.25011513622236714,0.00034163223662419785,0.0
0.025621838228486904,0.01931114206195804,0.15925415012769395,0.2034427225799381,0.0927647846328524
0.10050033266196043,0.10011462593247562,3.590400363537291e-05,0.1000330105585076,0.20086308880830323
0.015742196045032394,0.23142553990250736,0.05157292270935012,0.004674112781278011,0.20023684359236313
0.17586917904326763,0.12976297010842308,0.009230817265482943,0.19173474690224324,0.0003050237671279773
0.16160095855842127,0.0,0.29010148670671926,0.01591873014453064,0.03327403084101275
0.38285226342757656,0.012793215817722553,0.0,0.01127121150860267,0.09648030570404763
0.0515448255846066,0.0015014956219826377,0.08455642714485385,0.035313824745566776,0.3290518135431622
3.6890798597163056e-05,0.08946878514545692,0.28715762516341237,0.023369818555881428,0.10130361313350485
0.05669541730839794,0.04511084743428874,0.1963872737690432,0.1997993406207482,0.004622882585771737
0.014742264855302405,0.21814148073508163,0.09684036094375176,0.07380649204912756,0.10047313509470743
0.0,0.3315597119171266,0.001367921931762051,0.0016732398016650887,0.16718170840021512
0.21122840552014355,0.0,0.04061380744842831,0.17940103764298196,0.070981802252626
0.0,0.0,0.4037976068664068,0.0,0.09851403163598788
0.23065472150860614,0.03516066807055015,0.1323964238975022,0.10341847969261772,0.00023922857946681353
0.27643936277366715,0.0014217831429889846,0.025051584002600127,1.8329540682017045e-05,0.1986215682569893
0.007892392814208341,0.20099690672864082,0.00019494177668043217,0.15216783561751523,0.13950552696896493
0.00045301101002626716,0.06315958740623735,0.04029942277253558,0.30861938694777025,0.08883656515571828
0.0010465348080590207,0.05411027624920823,0.1083717186398182,0.05335661181338618,0.28601175117304106
0.1867751563653405,0.11358882844324299,8.515082253396642e-05,0.0034582143887597716,0.19723073748147388
0.014919367414096654,0.40866282569302514,0.07046434263728761,0.004751897205068802,0.0036508687676995734
0.20413136237092944,0.0,0.29587265318518974,5.48709269188838e-05,0.0006629973467414858
0.0,0.1446846926151372,0.0012258009167940911,0.005110989161609659,0.3512674220897687
0.00011191942559323859,0.11550763104137621,0.12781817493773773,0.17469815996692192,0.10869154200262504
0.0009959942521458962,0.03068199562369809,0.33793727658102896,0.1303296922013434,0.0016285420788679362
0.0015196664290875843,0.2287939545728048,0.0,0.27139231571568523,0.0
0.03416082467416906,0.08211389956452136,0.14004614348976696,0.06049075228898956,0.18467334096983884
0.00046180715617899915,0.08452254952184245,0.0002826387766642399,0.3854495574682168,0.029989350326640258
0.024945052559111523,0.3641291594058262,0.009569915827276222,0.00031116336571341,0.10465507250557035
0.021701210672473426,0.10108322422655175,0.12289950382009389,0.155541414687395,0.0999206635777296
0.15017519478152136,0.004327420742843065,0.03758476790822492,0.20612627368598746,0.10281787637084944
0.01777272594912774,0.009387910057009756,0.3564251530141034,0.11812486445640892,0.0
0.4993101791030768,0.0,0.0,0.0026531082739502214,0.0
0.02797976763159874,0.05462619415263945,0.03596385845185097,0.18440755723956953,0.2021845813639581
0.036627638389309984,0.0322485619329668,0.22760919863635096,0.0019001973332608854,0.20289989035368608
0.013374542187626884,0.27325485850266146,0.08045541804539583,0.08228804696963113,0.05280357965248907
0.1195316738917278,0.13045373738554256,0.0019322209532619695,0.24121596414064217,0.009297657008956232
0.00022885192643338158,0.00010853301444070346,0.17206901207742187,0.32215607248991746,0.005779431384584036
0.17332304059925635,0.17009918986561656,0.15777519129009993,0.0,9.455526115400544e-05
0.08500536680086987,0.10999000499455941,0.005708720452813849,0.29944196314055305,0.0012063518423847729
0.10141059489755617,0.02902851843734893,0.22015341150505796,0.08812025629856517,0.0635063576275515
0.13613654674368714,0.13730992986084875,0.00018198703971130555,0.02815136721525489,0.19987034911569684
0.027582837848866525,0.030117405133938072,0.34289592936606966,0.0014572970262515651,0.10039067843066544
0.12144201630604555,0.28816912063392336,0.07078502540959289,0.023935418277055386,0.00011801711324683464
0.029017224970634817,0.00036396050179709295,0.017456937470762424,0.052858404472708474,0.4010009008775696
0.0007178797038338803,0.0048580536371877975,0.19348041973020108,0.0,0.3016012076601536
0.14554286182126863,0.15299756017461696,0.10170819487055512,0.0008738769941314241,0.1014758905843241
0.07309831802551524,0.0,0.22574813476564803,0.00575428199165631,0.19592258238029514
0.1799668934021479,0.011986300796737348,6.084437288072858e-05,0.12501167311024045,0.24170580555298252
0.06445064021295659,0.02223270755758264,0.028966220189845508,0.37671585987751727,0.012947712352974783
0.3892541228647556,0.0,0.09915456980772142,0.014772429307490115,0.0
0.37329604489885504,0.11311692210852846,0.00578880694473833,0.0026683201129187387,0.007639692863598877
0.00022352830809139774,0.00047849622302731365,0.008074930154583791,0.412019609638229,0.07978968314921293
0.0,0.16208223426443497,0.07718405252055682,0.14247116750551894,0.11990054732134815
0.1276493941596661,0.0018758474128757188,0.012712882650259398,0.01365631064286302,0.3451582007411488
0.23893840562689062,0.10609754648947262,0.0313953552783384,0.1259498922462558,0.0002515534770463203
0.0004677717452014637,0.09879128748585915,0.10219897839519647,0.0,0.3001529646133528
0.005427066709755183,0.13586001950992832,0.0004140115720675106,0.16133959983017704,0.19926780817157436
0.40611854984165996,0.012627875024538326,0.0004708994423588481,0.001454261835096729,0.08074605586062167
0.055777086138133945,0.03357638475845416,0.08065841951239498,0.19694595906018283,0.13471110080454848
0.22117772962578927,0.11550789652531465,0.0729141567330083,0.09288118947790933,4.1739689767454445e-05
0.11358348699057662,0.02033397586806148,0.013312623248389853,0.0,0.3542989842167523
0.10366771723894666,0.0446542829496502,0.0936858881095176,0.05837441652140437,0.2031878867297659
0.0,0.22958077664540005,0.07011928432283622,0.004539027447104984,0.1965248444830209
0.10593152987113613,0.004026914471468651,0.027481975043158333,0.25918815108269494,0.10495207923018231
0.10528686486894966,0.10184016322018226,0.09734821934249767,0.06212808394461959,0.1342984261317936
0.05329240502841214,0.018159404967234595,0.000609818602833984,0.2237299222274924,0.204991192914251
0.17004664814164044,0.0009911769799079632,0.20698016677840705,0.057956283180731566,0.06545540768939513
0.030433491868017342,0.00046402574132756137,0.08914666460901181,0.18478071518791864,0.1984279981360741
0.01919686188815183,0.052567005341115726,0.16280452828858313,0.059841716616282216,0.20599984235426774
0.026910507209518316,0.00014697579955009031,0.47490448062740065,0.0,0.0017338790747353154
0.01050689314828483,0.16073570327444534,0.2921774160515567,0.03883505977180654,0.0
0.11710872211864844,0.1112647618334096,0.1296261074508452,0.13189140996650034,0.015109669798417191
0.04589497409521979,0.0,0.09131662188274275,0.0734529643467018,0.2908439570111821
0.11168735690654225,0.0001006342671887902,0.0,0.28832997577866903,0.10038679703998155
0.2822108354519713,0.0004795970576850059,0.00029901417350281173,0.21208668222882504,0.005692124707092544
0.40677341437197495,0.004957132667679876,0.03248082543893342,0.0023590524539200395,0.05559461907512103
0.005786189086077572,0.00021777791684685335,0.29817372303466244,0.10041956448838074,0.09727421393596601
0.20245436443573211,8.251065731112495e-07,0.09879618243735064,0.10028257010816219,0.09959217786915538
0.0984662491884149,0.0,0.20280672924434046,0.10017034474213309,0.10082990482073102
0.046163388437271094,0.16435201487850676,0.20176965113923764,0.08888283033603793,0.0
0.15793448508845165,0.0030145879199012567,0.14598983704540497,0.0,0.19361850498348107
0.0060176885585888195,0.17379807075791195,4.9088622162451605e-05,0.1202380368901235,0.2023831666861738
0.0400775588106294,0.03354564260013508,0.015203188226805506,0.4117601061358437,0.0
0.3285504179968774,0.0,0.038534886082651224,0.18543439579249682,0.0015680019806865082
6.736238376322162e-06,0.00040506756664129704,0.33757419367347463,0.16304682353395547,0.0
0.11975112073610444,0.03940638097924989,0.23489931055742763,0.008836057727525529,0.09809752807089143
0.0,0.0,0.20201777890606545,0.29890027441291733,0.0013476813524976883
0.16255438040465436,0.11190920258023804,0.0,0.11988250846674557,0.10848319592501092
0.10460835994522254,0.3876043169902687,0.0024353932522327136,0.0038385716334716786,0.003125890386610806
0.06037106296785227,0.15804564599722806,0.1678252626753709,0.016446091561556495,0.09945301635346551
0.10175297231798955,0.008253708792739385,0.00040393666698270933,0.22803571369947315,0.1654254289921136
0.10644281492971769,0.2473171445768369,0.0,0.10160895984653201,0.04531196079437676
0.20783269201906104,0.0827937984752313,0.01268599497383204,0.19100037804777809,0.0071362598240890885
4.4866620754432815e-05,0.012024328362923425,0.36565407094416474,0.08762314811185097,0.035165334437411995
0.1554653572329449,0.08463206371985692,0.0009928023259962316,0.06014940573210096,0.20210143467716807
0.05384982129503037,0.06692368584622972,0.26162934420337186,0.11964953811490732,0.0
0.0,0.20854633443882306,0.0985997721178999,0.0,0.1935280525817022
0.1962628049271348,0.19757103622037706,0.09017340633808668,0.015304488652627521,0.00769115574077832
0.034050224028626,0.16320419248254572,0.05489608581363104,0.15266846153431385,0.09616835411244032
0.02570170677001941,0.3065119367726025,0.06212310416265522,0.0,0.10805088348987822
0.1371635686010049,0.0007161618187427832,0.006571506114454869,0.35545904568126213,0.001312838021317127
0.21683729414634234,0.05788544659223123,0.12375048057263584,0.0020673418543032235,0.1013979442577366
0.0,0.3018245865997389,0.0,0.19739506655851843,0.00193319197709754
0.18676429520933002,0.0,0.05827187448495475,0.10399192381699257,0.15263062646009845
0.039798391136760085,0.13251198325807578,0.13137910917999376,0.19668777636644214,9.045408650243857e-05
0.003046505634500952,0.21007100439699591,0.006492029972757521,0.0019475283734938257,0.28052794366242784
0.1753248060186087,0.22389994607142152,0.09325926272709203,0.01014049365733579,0.0
0.05274681758304986,0.021857060215048088,0.011864566649305491,0.3733905975226325,0.04145856725595661
0.11226280769167303,0.09842488568683994,0.15573431900305984,0.03605113339003062,0.09897617075163533
0.009769685659694266,0.041105627923876696,0.3550627726079621,0.09523274740594258,0.000672627389230076
0.0,0.0,0.3201638927869822,0.15876281603797973,0.022533108352844902
0.0,0.47505576102315,0.005808290671610286,0.02080281978053183,0.0
0.2660843914334888,0.14097611381855266,0.07955760307902127,0.010106665115222308,0.0054340259678797844
0.09039709767295687,0.19244550914104377,0.0,0.0063697631004894515,0.21125826943771128
0.3125989365599383,0.16139110829590506,0.0,0.0265116940581727,0.0
0.07610418603341981,0.002945139276816821,0.30131845136470675,0.09747255517866496,0.023856039271029222
0.0,0.46626772377361286,0.004829459126763685,0.0,0.030580559931708103
0.3446115858710344,0.017580506913878996,0.010463605780322498,0.12358642218052258,0.004349383817660098
0.024706829370303347,0.07716422852118203,0.09494190513091107,0.3025132650697614,0.0020719420461314405
0.0530720117819825,0.1301541022653728,0.028738837291460026,0.10164667743591971,0.18861034354025127
0.05670036133544264,0.33111722084811906,0.10953113995565603,4.7744557820705055e-05,0.008358341325612629
0.0,0.055364966543800256,0.3084079450348748,0.030281370681616578,0.10753890057261246
0.023498331289771576,0.11839580749228794,0.2165001337866648,0.12207374197463779,0.0207205147824841
0.0016186668680842056,0.10411964584283642,0.11096902174855679,0.2854044209767297,0.0
0.0,0.0,0.11283140209651936,0.3654846886036319,0.02272859679888978
0.0,0.1981727517462113,0.20102679939871929,0.0018741504760852634,0.10026661474412349
0.03109875426040549,0.08996777695442114,0.004603744968324185,0.12407458500317108,0.2513756372735171
0.1478678051722251,0.05346029813858467,0.0,0.30073413626305373,0.0
0.17506533623453302,0.23314044175976142,0.0,0.0017352338221673933,0.09224311456551479
0.17853841140208443,0.007036143105558725,0.0,0.012469864205749087,0.30265221388292757
0.12118390365965213,0.06234052962803802,0.09111328976868102,0.0,0.22634524016702368
0.21898750912988166,0.004286856803861535,0.0008960036287979053,0.0008501898257449543,0.27693506004996815
0.12990440178724305,0.0015997428739755056,0.053395548301416705,0.31696701190843374,0.0012771903042370532
0.10883927389809848,0.0033806167920717,0.00012702528907002086,0.3079284875945213,0.08261349705295708
0.006847440823277543,0.00016962988488905783,0.37515462801366967,0.024173016585624103,0.09662291406988802
0.3258691993136993,0.0016161881819774123,0.040229133820551724,0.12591866152464146,0.0076338381204786605
0.0012807724970451543,0.0683587617645464,0.016999756308992548,0.3216076121459433,0.09324632352537247
0.0772206171839421,0.22819681839784273,0.19524811417208615,4.650386574545042e-06,0.00011848854116225662
0.10146218252074986,0.198253745314829,0.19909939170218005,0.0018528491740594068,8.310260842729318e-06
0.0024139667017651196,0.09056003786134947,0.08102540210702457,0.19245222689751537,0.13504423053906078
0.13440178461972338,0.12932296463025802,0.08553018430590519,0.1512301166998075,0.0
0.09951802764006097,0.22995805457505888,0.014311446132782672,0.1374618227413938,0.02037228404545564
0.21355398642142062,0.0,0.19829904302424914,0.08869629018485908,3.1901391760044264e-05
0.12523062904248314,0.0008238921951910787,0.2525089294372069,0.12348172198059677,3.7938830895009577e-05
0.22240184011701056,0.0008573948173217749,0.22468549564303117,0.03715274734084246,0.017905884450153006
0.10977888468726602,0.36106138564362233,4.983340421237965e-05,0.03024245915618867,8.992260660876776e-05
0.21510136158144258,0.0010729315449159475,0.2829744957497903,0.0001877223305019774,0.00546428587286749
0.027172115098709912,0.021931975491642546,0.15494211714560707,0.29777784555671544,0.001327761314940938
0.004162733810514924,0.0,0.3955172890176797,0.10197840074743966,2.7315444073567437e-05
0.04909732714345501,0.03991918109951148,0.03540763265650003,0.1769109317536492,0.20142518533190817
0.01649953337476571,0.00010571837694699739,0.008521123123381267,0.015929921123768963,0.46054678131736276
0.002665760861446892,0.0,0.3250215428546861,0.07149037743369392,0.10231709822782628
0.2443014177902806,0.001258863295712028,0.12262352999817944,0.12311888715438418,0.011018276859646042
0.2493869505552808,0.13041342603014897,9.617964913329295e-05,0.12105384028429575,9.924657676452694e-06
0.13676028175685076,0.1488048182304995,0.00696784471004878,0.16907949528153074,0.03899219272675099
0.14727995358453316,0.14732787265441852,0.006102242791140406,0.0,0.2006383252948594
0.15582940190294067,0.16602668036463275,0.16515188968578126,0.013289087846293,0.0
0.013953463179495664,0.0070432976447203375,0.0965814294157748,0.2857003641838825,0.09893785565324274
0.25963799483194216,0.010450907014830665,0.062129224444887325,0.111705374217301,0.05921803573325152
0.06415222176836172,0.029566846380936217,0.0017495851020590159,0.10496622097961265,0.3031411457990354
0.27160929404552475,0.0014445310360692795,0.1454476867576011,0.03069467429549201,0.051468465172548925
0.0,0.16401377691008198,0.3286027662917356,0.006445766793669387,0.004103346339226761
0.0016709449443499116,0.12983054347183015,0.1507595693798358,0.019325658849977785,0.19929829994566264
0.21044679736837013,0.0,0.0,0.15391537923880777,0.13847793943441347
0.22034782861717409,0.0031600204912656336,0.004946387499137539,0.2694753625855642,0.0031536667003341594
0.0,0.40154536729770257,0.0,0.09959393614124074,0.002112906039311671
0.16458022807383232,0.08320751915177901,0.2511079409841931,0.0018022251687956137,0.0
0.28693471748617294,0.0,0.015601412384346272,0.09772898587647061,0.10165142453220004
0.01997766968215198,0.10445673574220599,0.16088823816008982,0.02611274850694378,0.18997282425680606
0.34715107529935324,0.02889820802207245,0.017904381334822462,0.10831137995273632,0.0
0.18140816051005518,0.022458014459750666,0.1960164920833291,0.0,0.10142086798069035
0.002860478154377226,0.0802909980411331,0.0015735216959652106,0.3873366003271053,0.02903606996998462
0.0046542113376354605,0.08312119381758563,0.00017116583313598886,0.11853949603032758,0.2943698353011338
0.03036304526530545,0.00012819406758892243,0.01590089451480111,0.0501693396312665,0.40400561903749493
0.01939482800498045,0.2802381104342515,0.0013635406988680011,0.0029375680348303246,0.19928735367412298
0.03782576865467379,0.0397667652987355,0.026013468535638327,0.35631281100269396,0.04529505985563453
0.16613431461215064,0.0581978390163792,0.13811858077698624,0.12459166188910165,0.014436726870886516
7.112594189502413e-05,0.08731473180064794,0.16837829014398495,0.2439953373012525,0.0006271308955006304
0.011479245226185405,0.3745898126795028,0.11481533656170483,0.0,0.0
0.10666884139208391,0.031626723969062645,0.22657867978227203,0.08364947567264762,0.054001797495747114
0.11679219679666643,0.032728006786098406,0.14862575577620193,0.0064827323579146725,0.1977015776836264
0.0045725015384602665,0.0022088949101585244,0.49392969024221817,0.001298088662009242,0.0
0.01763658906771398,0.07033535244235568,0.0020381283676616647,0.17113486710227735,0.23953146993789018
0.022823089197751282,0.0002855511099400365,0.013972963226168261,0.04185714605719617,0.42182172658848416
0.019870072829771317,0.020115530062106507,0.17056048279901287,0.003317251367044728,0.2892652741160172
0.10851218383110989,0.14381015735240082,0.24700163976406697,0.0006125646970496033,0.0008876556075535698
0.14516918227479705,0.06718509848089876,0.09426843364783213,0.09328100897401487,0.11402712974388157
0.0,0.0527677108959972,0.21598076397024746,0.23277746277626563,0.0
0.14294744564319195,0.14323075299872687,0.2126518230995686,0.0018051957391726737,0.0
0.03771290372606933,0.04011253107888673,0.0821977711394753,0.23636616694787482,0.10633261088860053
0.0039207959451668375,0.23511732696691034,0.11774743963960105,0.003629682259946675,0.14059555776943355
0.15103924624761816,0.16406948869806715,0.07070657519052423,0.012563901070480216,0.10320672809515051
0.0274175513634206,0.0917721862814618,0.2611690114321857,0.1573770525764905,0.0161432428402956
1.018048230855917e-05,0.00028640269396948,0.1534379208993243,0.0016263084017575171,0.3454660066214716
0.011469878292399123,0.2386865873058345,0.0017867100678162094,0.0,0.2483689994964259
0.23147061700386365,0.24322461058246025,0.0,0.027676346756139603,0.0
0.02207431230674135,0.3705953606140206,0.0,0.06892739317934891,0.041365187382707995
0.026982051695879628,0.0303505376093955,0.1175336038166096,0.1172039955497844,0.20895252201011702
0.31689797429309696,0.1721015264986412,0.0019454576479565168,0.004290256222950081,0.008383593403674316
0.21017936844987858,0.0006899463143899365,0.0020668429317563324,0.2712006126747758,0.016394603016979214
0.03715473615454424,0.15872270545006745,0.0008213341655097006,0.0009121197145210373,0.3032290645519492
0.08594173801187172,0.007929691435827179,0.0,0.03908671866607509,0.3685539157593142
0.16839832150514752,0.1004722357157505,0.03801722017976881,0.152881097649876,0.04110116629971097
0.30035661974756794,0.0,0.005151509891452003,0.09591099623829635,0.10173889657036383
0.0718690837843852,0.13963369369118858,0.09245499233988945,0.0,0.19705780082749608
0.049255782446627185,0.05316413178386992,0.20177272725992998,0.10147598875093107,0.09706805966084703
0.10417101578582778,0.0513782162284681,0.15481400330582787,0.18047919809341842,0.0102434724448024
0.2556155537078874,0.0,0.0,0.24517139716493458,0.0
0.1583890916669225,0.23518990924380995,0.0024185899818642467,0.0043803737685140995,0.101586314397009
0.15545586303853143,0.06418642610615946,0.22761060339558112,0.035529078322967644,0.018642818092155677
0.08586132462638266,0.17049260315700668,0.14603083681871,0.0,0.0988352745636841
0.15998297026855743,0.15243035668090857,0.007122620441232825,0.18112793828253668,0.0
0.06452242462188655,0.0,0.022300676703065566,0.0004581727214359477,0.414674589881317
0.13932354594011645,0.09716160219916106,0.13059936427627014,0.1379563594101868,0.0
0.3585632308719091,0.008782183145480672,0.09386964472265942,0.03808226061819379,0.002565712861363691
0.026744599553163557,0.05742836264429766,0.16631680397926135,0.17515979634605608,0.07593053216289282
0.026530529176267394,0.07034262100260968,0.21198308183741923,0.19064445727319906,0.001075375616859272
0.15650508208554223,0.0,0.09354115589098828,0.1303029021292003,0.12272765466247784
0.29852419264506963,0.0007630792116550106,0.0,9.12907166656755e-05,0.2018129766517635
0.18971519241423368,0.10186812011912955,0.0,0.013010106679282067,0.19694728400995698
0.006091581686496953,0.07898638660962,0.3027738724874096,0.1146897950441028,0.0008067914469338171
0.20930125389283394,0.0,0.1613113981912399,0.12834227474922982,0.00206966935516662
0.10719296798882899,0.14675555732315654,0.24795543839253376,0.0,0.0
0.4864729925358452,0.0,0.014956473845019285,0.0,0.0
0.0,0.2057199370657449,0.0861546668988875,3.816899231904348e-05,0.20833508132743392
0.13490393610139206,0.16758006069644074,0.04961411436451456,0.01492238197076185,0.13460231769349779
0.2707623680266235,0.21633796103378036,0.00864571193044667,0.00014189662616356422,0.006625859722251139
0.03998012074206844,0.030414021887403515,0.11148426667089986,0.28492653314286326,0.03418993101704544
0.10277580097710223,1.6640121539420326e-05,0.19434415348588058,0.058213222699231015,0.14587963147509053
0.2532251419569334,0.0011100511091563557,0.0,0.13657043269496744,0.11100340157804037
0.07629215309218985,0.05610321093815492,0.23468312963449073,0.11934322679481361,0.015215925669189004
0.036397040257590975,1.0530165541962588e-05,0.1119593058378272,0.1565975828415617,0.19618792707622698
0.1373216784785735,0.0666814003049647,0.20076148271874783,0.055102233598909214,0.04193147818988075
0.36024739864462996,0.0021158393908962147,0.12253553737221168,0.013738751914620886,0.0045768626261217275
0.04085967550938641,0.03365947122133019,0.0010962442390565713,0.023261309846688397,0.401807885969287
0.02385154535624988,0.021562547838966235,0.019540474749305536,0.28576560382146,0.16466614243323557
0.2230717719121295,0.0,0.045488398914769454,0.23176302185935893,0.0
0.2571387839356014,0.0,0.0,0.23978042259537355,0.004412548281897213
0.039678687301456746,0.08867837577630762,0.12048301315038465,0.15443344309859236,0.09934519218796002
0.011324096135068596,0.20317894801432138,0.04411396640569443,0.15697105595523556,0.0856998078633589
0.0015614978192045408,0.2090816957034988,0.07098712096694339,0.009609864718722732,0.21204898208762452
7.687264283902906e-06,0.29627363907974025,0.0,0.20406053508189903,0.0
0.20260301067532557,0.05630674851446324,0.03399052460771401,0.20416284411438382,0.0035406381344720754
0.09376878625115481,0.0,0.2949405472942519,0.10443657764281097,0.008741838676386456
0.2005300004647953,0.10276568923214743,0.09250836846594652,0.0035706224392443456,0.10115862220249475
0.05924281022412377,0.18538590997689272,0.025457903207308955,0.22885056420855315,0.0028349008291495698
0.027913651211033706,0.11619789416427158,0.09517455181422545,0.26179220414703996,0.00011923366330430485
0.06581221120942556,0.06511611735362378,0.0436913115633922,0.042509780177366854,0.2859239008596514
0.2631048141020852,0.0009631576819776497,0.06312751161468871,0.0,0.17508768621697285
0.01232854802000242,0.012769183708422439,0.284618544162917,0.0029965626081130277,0.19070560217209945
0.11457950323847363,3.966187948173535e-05,0.03982630594792683,0.15399089389277726,0.19260796418805604
0.024809047306792925,0.41762273399714706,0.047230843738299035,0.0013596377236740403,0.009368530462531145
0.003535484637101457,0.004343417160010886,0.35801860460202445,0.13507723930654625,0.0008470338391364173
0.09743713973826462,0.032842276879311634,0.2730740002552894,0.00011366805105216099,0.10059318237552602
0.13010969302057176,0.0018637959628548082,0.18792706674257414,0.16423011134236815,0.01840300636819773
0.07969701571984127,0.032697419817392256,0.0,0.36768066300636215,0.02138304058926371
0.13025771384699877,0.011376260835474862,0.07239883200388007,0.18920380791841251,0.09756460672065315
0.010447805637171417,0.2638122980148913,0.13625911662915408,0.05232845114920742,0.041579868079130784
0.020648194255268138,0.1500481481631784,0.027596144339354638,0.0,0.303645191434009
0.13776851960717415,0.002869470856415122,0.057939054930168044,0.20223350941916274,0.10228171137947485
0.11650822945266451,0.23223308137177837,0.13090755213511998,0.02245522471439106,0.0001756291081958631
0.015312175229236839,0.2053654241458454,0.14765931326394025,0.11816922782217983,0.014786604326282137
0.012986927914069977,0.21651315419510084,0.11684284688218116,0.0568946001767787,0.09868413057724344
0.12865216948012861,0.010970222719294358,0.0008547047012137999,0.09785963230755472,0.2627319929032832
0.0,0.1986904266147708,0.0,0.10122543933849466,0.20038305274523927
0.0,0.0,0.29488930970097854,0.0,0.20593460715101
0.09424040407157962,0.07506959085969045,0.06857315948061356,0.1655283121220077,0.09868793401453628
0.009725678643324505,0.13929843296462535,0.24740936241750727,0.10849222836412586,0.0011683350443405908
0.15320089176599644,0.000822025434468311,0.14997798032801948,0.09892138500019572,0.09732323337577126
0.29491923222524224,0.09834976881338121,0.008631565853851834,7.543636108461472e-05,0.10018519348232377
0.003797926289128188,0.04880714157853336,0.20306264665674997,0.09232669417285937,0.15279689369434085
0.0,0.10742317287807117,0.07886214756296386,0.12108440801325786,0.1927717701607543
0.037409817420516654,0.05115152139976957,0.40716701483830087,0.0018674136627334125,0.0034146012634767996
0.035375410484761054,0.0005350188660870786,0.02532823488057532,0.19738388850158833,0.2425299735504204
0.10068443782070152,8.843450160567575e-05,0.20137651461702272,0.15762520552209783,0.041412019678408546
0.0002637763294345724,0.014176815307415321,0.4850674964135242,0.0,0.0016941470491880655
0.014865907626158841,0.305652620462142,0.008539854150278296,0.08484876413767192,0.08728348907469176
0.17567417805715893,0.0038521575664932244,0.0009389221999555546,0.11761837736864834,0.2040694814635115
0.03238347555694818,0.06376807138691683,0.2063178218714344,0.10020123831357203,0.09954547316093605
0.0001918704220081937,0.10642562069406733,0.10164528390968226,0.09824465388091479,0.19567642077819436
0.024216761483798893,0.0768423488986324,0.2998710503799148,0.0,0.09979678814592342
0.08046758960387253,0.035624628761073474,0.07408285455745521,0.11175319972517067,0.19996145264281076
0.016623297647253364,0.008952644021331854,0.35413472295452203,0.11845847227977514,0.0038453627966161977
0.24353043692238188,0.0,0.037583977731116144,0.1862694203512364,0.033375104441575966
0.044331666684805364,0.04226715009809113,0.1863230522856572,0.2163435626436165,0.012495633667398334
0.08081675491123318,0.05593712566181922,9.884082810796773e-05,0.06012756287434465,0.3163140373219851
0.0027992376059236346,0.3054169083631259,0.15580722909893713,0.02335624558468596,0.013984605493910354
0.0,0.30454279469763784,0.0002554235098076329,0.12947533820461157,0.06785452611138781
0.16680815424574572,0.004295668248963198,0.2924954522450646,0.03884836723728928,0.0002196940633777193
0.11937295020256476,0.001348292109940584,0.002827565770547241,0.37490860178871693,0.003220410768208543
0.01991880079960526,0.2867437103880272,0.044937728871672605,0.14971346332406035,0.0
0.021508263525405618,0.08697693127746459,0.16214244845415937,0.004642733669306161,0.22626182753923504
0.0008202824284984088,0.05170980344668579,0.02629075718464695,0.12881846195989063,0.29307790014580176
0.0,0.0,0.0,0.09947188210486825,0.4011027619628396
0.1710233443346547,0.17597114828712296,0.0022401273679856968,0.1515934743172738,0.0
0.025741086944296807,0.08335951251472266,0.3861264392329629,0.006494494558993282,0.0
0.0,0.17547041117289325,0.30311339379270913,0.022107340825859245,0.00021895878575032329
0.029659732825119932,0.2281170950460716,0.1283713548201712,0.0019228689022589968,0.11312011397256162
0.0,0.08151677854270936,0.10499029056858016,0.0008262990598090766,0.3137402986740208
0.06368459273146032,0.14016563044058908,0.002587339110500812,0.0,0.29516740294172755
0.2104303486722909,0.07933767972285198,0.0,0.07357912997906244,0.13761490252007755
0.27611204578083354,0.0,0.08075222040242201,0.04972898511252596,0.09394047970237202
0.2850686670564941,0.0,0.09811349511584032,0.011520343457727832,0.10638522451922283
0.2446120598502067,0.002675669993656162,0.002519724332766555,0.057491790779929816,0.19497910968319163
0.0005836457620602542,0.00027703294183803104,0.15625005668545486,0.055253458910013604,0.290080328428962
0.21103028859122608,0.0036133839406039888,0.10069108471482262,0.17573325593582567,0.010091734190724446
0.00025857598824897396,0.06557167348225816,0.2297274040538183,0.20625817847443856,8.227319580973883e-06
0.1326075086272062,0.08628004458804972,0.0030936117552870157,0.19098711059825244,0.08903060697353582
0.1035006892112247,0.19244555326909984,0.0,0.0006261759024286552,0.20404023153249048
0.11333412949479489,0.0,0.22839134212366624,0.16027882213172048,0.000135960440404145
0.03607810036592949,0.026767577560958277,0.06322185336452328,0.3386387903648036,0.036492893432084235
0.00412977387722175,0.24741368459595864,0.07802256318374702,0.15760151650433477,0.015570348531609634
0.15623687862651334,0.003990467780220688,0.03297750069285005,0.04846779742306037,0.26003933511833927
0.051397758506702994,0.24654396740723525,0.2026916303692456,0.0013773129904715937,0.0
0.05931436204658234,0.13336268780516958,0.15070094254832675,0.027402331382655794,0.13275724133010883
0.38236574023836234,0.008420637021695366,0.10871961755626824,0.0005352966941256226,0.0009652736522796252
0.06928531304034999,0.003487322319027324,0.06372786927262038,0.057392577546298146,0.3087499131693056
0.2715178886824438,0.0002511536554176952,0.0,0.06816340844294387,0.16111233368489264
0.0032797621413928114,0.005749330949279121,0.0896477375033745,0.09916469020751412,0.3061016999066641
0.15687648668418344,0.005939448548752673,0.028003294196910226,0.049292426573465345,0.26092048625652636
0.30360007147989526,0.0444340434899357,0.13717991924178108,0.015755347659546688,0.00031816606968375176
0.0,0.0,0.08586909728796163,0.3445874447642653,0.07124499314788901
0.32589457202687955,0.14883442785977183,0.0,0.025220351032947317,0.0004055629471415418
0.04958709331487738,1.72596069099652e-05,0.14188055720649626,0.20353249730707737,0.10578865889143627
0.10100330430408654,0.10064748557461305,0.0,0.19851705974010678,0.10041582721161711
4.1777045960906274e-05,0.08201021851421197,0.03827662412838011,0.26142625202488234,0.12057136570903214
0.14172219132698663,0.003501955085237466,0.0705247901326054,0.09427349879527888,0.19128454520958954
0.20943633881292312,0.004086763175256563,6.471184591071548e-05,0.18165526413021474,0.10517685620295658
0.0,0.0,0.25256367015027853,0.06224520459692736,0.18738689397239802
0.004572732530366938,0.01492741863060446,0.20476358397320119,0.1868500849198773,0.09030644666400525
0.34037942915474256,0.10227052562743182,0.050146213058581926,0.0026574733110010964,0.005732374446285086
0.07221361615675624,0.06470563326994418,0.06869767992813687,1.603183491577735e-05,0.2951457348962149
0.2898577681689815,0.005530980791896394,0.19488701051291865,0.0059744806681240395,0.004286000181158555
0.1368382789083484,0.06058176321231568,0.01854810252602037,0.07160655743466346,0.21368397362919914
0.006803946179895102,0.00931235797103664,0.0014674118229992558,0.015649748126041835,0.4695314601910149
0.06021113345077131,0.0633978643262054,0.3534143093385166,0.025461252741159224,0.0
0.07533546331028496,0.0009172340029212625,0.13199949586774185,0.2918717914122649,4.7715665775506015e-05
0.09232140194017466,0.0005664580614063856,0.11030010397816101,0.10336382609042853,0.19897645571333317
0.0011025887074112735,0.08589218150124737,0.00021508048961663652,0.3137032363158552,0.10070278021122699
0.09872488107541075,0.026897347130499377,0.2822185125703459,0.00040756011167046086,0.09359088534849215
0.09707464146453752,0.18608796922067755,0.08295082721196141,0.12858661337438193,0.0074955835453343585
0.05186210589914049,0.048505254859174556,0.20700840412252694,0.09532070203180583,0.09971985638262558
0.009759872422290901,0.1655342117634156,0.1573650517351358,0.16129280004210092,0.007340506277131832
0.0,0.3549952789100809,0.0068397146047843,0.0014252005429019727,0.13887026569946526
0.20233104228115537,0.29557511670676717,0.00022619593947258295,6.447704451812946e-05,0.002121693922946881
0.2721019165188889,0.13810396551579088,0.014434518677588552,0.0,0.0765968578024397
0.014928648385064188,0.02633736310823157,0.12640774504868232,0.12319242698127336,0.21077723221229017
0.12779091286487312,0.27953776163271443,0.012554493862057476,0.006988558258467352,0.07465828845088324
0.040268443972543484,0.03635114087680937,0.18911657161670295,0.08385056858403367,0.1527746560353356
0.2830080254492558,2.7297344916531707e-05,0.13102295801150254,0.005359710983771881,0.08241519081311517
0.3916482066857581,0.09827711729011246,0.011541153248703407,5.138264776817626e-05,0.0015642624652743452
0.1451181093342334,0.14167167784760049,0.00640267791542002,0.012264669069205205,0.19950956936630143
0.0,0.0,0.3344124407675113,0.1635820947878364,0.002213232515311446
0.10317771054036501,0.11730448507810744,0.07529208549939088,0.20585130090467801,0.0006457573359203675
0.010033457482445465,0.23413659757191296,0.002432515176255604,0.10191570751284644,0.1536110428362197
0.021196712209519356,0.011438103973799784,0.09314141014384521,0.17223084632590185,0.20272974198263835
0.0760359869564822,0.08667018478644381,0.08588387896658702,0.17076500523367374,0.08167430159126765
0.009202527954570992,0.4222343969125432,0.06949047384928232,0.0009295008566862334,0.0
0.1840130577806831,0.0006532388163197924,0.10633926762692505,0.11376565514520671,0.10134825823329402
0.03294768993731214,0.04780552544659633,0.0879391154626729,0.2355188356969737,0.09705262931471997
0.05514872398711236,0.13540134959335934,0.1253786128877313,0.07135462632183874,0.11392102815972575
0.08550576617535134,0.08501085956303717,0.1293569622016746,0.042525236367210534,0.1585142866238597
0.4286264330022919,0.04243661872540388,0.028912918541762565,0.0,0.0006330350202062489
0.040671568069546006,0.001254302914469109,0.15931089849871688,0.20243127714659578,0.0982189403778991
0.01392771205844388,0.17437186145402625,0.24784457072774954,0.0,0.06517272306280542
0.09307393352204994,0.13910294769997414,0.00047239999742239026,0.2693983056890692,0.0
0.09492226065387414,0.0006199095998469041,0.18470123682113807,0.09959362859860398,0.12205154700225004
0.041966896233332426,0.041082490438828764,0.12976652362186678,0.20218324169625412,0.08794672219661719
0.03126064894886214,0.07006946774710889,0.0,0.20040424988397199,0.2015330656723755
0.0011893295912836796,0.10447868675631339,0.006324966987112574,0.040863480783635,0.35032679447184456
0.0010407525194975908,0.054282584015069656,0.10724097988190572,0.05420010449221044,0.2860695857206874
0.007752621531160372,0.16389551170066155,0.06861243465132658,0.2565386595593986,0.00406551761199364
0.15240791237883192,0.21724039130549944,0.027557736457831727,0.0030693380021464766,0.10030018151087086
0.006920596820283024,0.11447934921578569,0.0613585329780073,0.11964884134298928,0.2043482345820321
0.2853492259267936,0.10517295243001973,0.0,0.10908747781281583,0.0015894186601094048
0.06902457081549426,0.14646813639944067,0.0524112013504406,0.235224465733597,0.00039843110008414055
0.22489564283347915,0.1032153373618914,0.1566757321691095,0.014988848967371014,0.0027198872255425398
0.24930689755708516,0.08434076884282739,0.058950162596631675,0.008899436702644526,0.10056906805056186
0.15681156254838158,0.33666802013378166,0.006718352636748634,0.000363871285319714,0.0003196233948018022
0.0,0.3896007970171375,0.0005856132590797136,0.011876412569441925,0.09869551234844737
0.05058853103169932,0.13665070316958175,0.00022440071310987278,0.288206101396087,0.025431555260037646
0.08008916814641111,0.08054933525757471,0.031986148053586086,0.047380891023885784,0.26091408963655505
0.47335689730921243,0.0,0.00024517963166778355,0.0029580291254085503,0.025835437918001625
0.04908898364859407,0.04232092565918789,0.09322150459731404,0.0018560707437822147,0.3143766289120495
0.10030827430212727,0.00015636887444716224,0.3876074492226517,0.013106103863964227,4.8066245763153316e-08
0.02533565612883555,0.3177068693124905,0.0001195580324802281,0.05677950298189284,0.10150134065582886
0.005086621074567732,0.11185214477387485,0.0022134885504374348,0.17613524503518327,0.20513809774672323
0.05076476083804895,0.15775247867181752,0.052160775008110505,0.21224237204532204,0.03151418115551502
0.0005557410658927892,0.12800970478671775,0.2729313284334842,0.0022933696478591088,0.09789296770650645
0.13784096274603758,0.1792429471043752,0.07526538351706041,0.0,0.10856761541160742
0.23627676537233128,0.17341486648742566,0.010426358068150886,0.08303278841248615,0.000257407333686847
0.10367707250685775,0.1029593578451446,0.0954684883900022,0.06230260019309578,0.13585548751796034
0.49906373891093975,0.0,0.0018602009510567054,0.0,0.0
0.12213157947315063,0.000901479274586344,0.09700818898805932,0.22639946828669633,0.054916077527552086
0.17059502008830627,0.028992613252816782,0.0010286319342490303,0.00507409415177688,0.2970227881175706
0.0004365688050260899,0.08539415376063363,0.32839101699377704,0.0,0.08864867721203541
0.0,0.05644634603730133,0.23068510951112337,0.004864223914500429,0.21036240404007062
0.1272252841146297,0.26538360617098977,0.0035170111789962328,2.3502356008478766e-05,0.10455032286614616
0.02848645342237929,0.0,0.01480188948486273,0.04815729502039124,0.4119856517436963
0.06583065356690995,0.32627289226250655,0.10820358511622429,0.0,0.0005159600186340651
0.015663156223202503,0.3601579458343432,0.0,0.029100689288963415,0.09612668865755307
0.0030003065555467595,0.0030923724598924487,2.6953252591316277e-06,0.4943500060377285,0.000747846432842332
0.19674511622366422,0.07569994095339058,0.0551201990532261,0.08762207621154451,0.08627386279338295
0.0005033838015010353,0.060495517781563715,0.02917674983434256,0.41068478712656303,0.0
0.04893452421824774,0.022909139372378116,0.25485218004507887,0.07677084282947609,0.09692003008213729
5.994491261410085e-05,0.0015377446769352413,0.005780487456250472,0.36337199253694813,0.13083185898686536
0.10105109479426293,0.20753716085589477,0.004202562729272648,0.10797989635188045,0.08170238415858835
0.09924742985341753,0.0,0.3994464094257562,0.0030779860769760904,0.0024485453576423635
0.32362013346106444,0.0004749064542661258,3.3818412746025773e-09,0.08003482403781337,0.09654427946690813
0.2038405927715327,0.15850785904984582,3.204647857433677e-06,0.13065354659513517,0.008326191524072945
0.1010466075485551,0.2988079690974219,0.0018735498823434316,0.10080780327482396,0.00015317808317788777
0.004315176465531065,0.01736513764869317,0.00039193829151118676,0.4451931821712611,0.034103152342973245
0.0665082354232318,0.0660829988936857,0.19533673030780566,0.0041725044916693,0.174314592871049
0.004631548024427364,0.22714125618198255,0.1774973623049094,0.0929289654112896,0.0
0.16406965538281656,0.16394286027558883,0.0030903483447862765,0.16967133943987472,0.0004902016953461065
0.15869772339879135,0.08328240568997505,0.0009745702106264197,0.1418159141390474,0.11736919304374181
0.1450548338667262,0.05573691168201712,0.2018844567111572,0.0,0.1003987475740139
0.0009548722504689321,0.00038448025492027264,0.0028100086710071224,0.497545052754945,0.0
0.1464939531443057,0.04339712703987115,0.0,0.009081184948517009,0.30316041091924195
0.02527207987400179,0.3594143148483097,0.017083691746818813,0.022041995127170068,0.07789685144357864
0.07185012928371273,0.020554420010843583,0.0399655421122697,0.2672910877783253,0.10201843920837288
0.00021750288345051864,0.0,0.10030187021510974,0.10050190277119682,0.3008472916456269
0.0,0.3014486784262836,0.20083677003042338,0.0,0.0
0.00010147548672268515,0.1006770121464286,0.4015388852718576,0.0,1.0397498940171279e-07
0.10004944544275275,0.10003447220243054,0.0,0.20149298446131814,0.10060013540718285
0.20107855874226,0.10005005223538423,0.1009290347995555,0.0007923115017809308,0.10043792359870865
0.0,0.20029464647470027,0.10030557558970876,0.10009161272701732,0.10062570994246561
0.10051611208492368,1.8060012695787628e-05,0.0,0.3013110404446784,0.10042336993170975
0.10014725421662522,0.10107874000805518,0.0,0.30134323338376606,1.9733053347714394e-06
0.20093047844686854,0.20088494204267415,0.0,0.10053852789560487,0.0
0.10012999904222955,0.20138896150859995,0.0,0.0,0.2007718443626667
0.40148279185428065,0.0,0.10053998132078346,8.755762472085505e-06,3.3742995910633754e-13
0.10020041901277105,0.0,0.20040900828300537,8.847334631449996e-06,0.2015697529091879
0.20070891206237368,0.0,0.2012838656752239,0.10032879052736483,0.0
0.1007302793830934,2.818229300200722e-05,0.10029520705853723,0.10046381502426188,0.20034723869741833
0.200857569384803,0.10016396498556282,0.0004236626385362189,0.10035321196393221,0.10006230242248415
0.10067893795589045,0.30076511352346635,0.0,0.10062516111826504,0.0
0.30141704947825665,0.10033007847684933,0.0,0.10078801673493525,0.0
0.30057854636258063,0.0,0.0,0.20051592848537073,0.0
0.10046296249816514,0.10038472522174631,0.0,0.0,0.3009010278181521
0.10047567560268914,0.09991899229961164,0.10009634395011952,1.726188015248615e-05,0.20134989748365636
0.10019065048173978,0.0,7.943390218680389e-07,0.20090598246025188,0.20124006235408232
0.1009233670075969,7.084289639492074e-05,0.10007027167152448,0.2004728431597175,0.10024102040706656
1.4753794403062772e-05,0.20053887330252998,0.2008067922011533,0.0,0.10046316672259087
0.1008054549545445,0.0,0.300970173690997,0.10047145892456487,0.0
0.10012633794420839,0.00047553907767157737,0.19983319393528567,0.10036848488595404,0.10068664600422314
0.0,0.30154964766562375,0.10010818553651961,0.10052453489937853,2.4748658145259683e-05
0.5001907969677362,0.0,0.0,0.0,0.0
0.20071630061357346,0.00014973405013142812,0.10039228075174386,0.10032972961387689,0.10027518593037213
0.10084898146611354,0.10122922821154152,0.20044015821072542,0.10015260099408729,0.0
0.0,0.1004632198956792,0.00019877412878437672,0.0,0.4011363398110263
0.10075035865851852,0.10051030672569272,0.20087576027567364,0.0,0.09993826019038805
0.09997367852263825,0.20080494605758004,0.20130603826213156,0.0,0.0
0.10055279424733746,0.10036662356195954,0.10053985398152895,0.2006587607836512,4.617622400587607e-05
0.0,0.10034014888036746,0.3019639667107565,0.10060308968094962,0.0
0.0,0.40143185510454266,0.10037554107284634,0.0,0.0
0.0002757301821638701,0.1004348703534728,0.30084548894350066,3.1696472267499707e-06,0.1004915649408261
0.2007525573314254,0.10065632953582722,0.0,0.20106664293944765,0.0
0.09970372141278794,0.3013928644768694,0.1004446000213693,0.00025082522027489716,0.00020605344791015587
0.0,0.10060864785117267,0.20031752954509724,0.10017359386437982,0.10075896182306524
0.30038221377215374,0.20071370234290328,0.0,0.0,0.0
0.10038630893039947,0.3011536815947283,0.0,1.3433458239257936e-08,0.10023760366846546
0.10056997172373938,0.09988741626136942,0.10080581246119108,0.10020642252289723,0.10044125688879434
0.20081289681477846,0.0,0.1004977225055046,0.2005599383734908,4.616653302868774e-05
9.434936576835237e-08,0.10001248644958886,0.0002274976652562707,0.3012885153368758,0.10079942375630918
0.0,0.0,0.10021330385014547,0.2006173539407894,0.20149676142854844
0.0,0.30079389181030536,0.0,0.20026730535561377,0.0
0.10044769881062951,5.501727009821981e-06,0.10033792710373403,0.30089721043312806,0.0
3.8642742428142375e-05,0.10067867606985127,0.20083960614646196,0.0,0.20038114278035205
0.10018174127567175,0.0,0.0005744889570691268,0.10073820458782885,0.3003859295703796
0.40133179158416993,0.0,0.0,0.0,0.1005387028934483
0.0,0.10075821271661452,0.10032304222545627,0.20047664385302102,0.10024614838916997
0.10040674600705785,0.20085100058811725,0.10094080257698913,1.311454714406785e-06,0.10043129105107786
0.20028274718441233,0.20050722005026445,0.10033340948001794,0.00023786233468749108,0.0003852108672575598
0.3009311644550373,0.0,0.10072921525450775,1.831337590141999e-08,0.1002722641667422
0.09998042591610638,0.20124252494999026,0.0,0.20063753034286705,1.7660418234755368e-05
0.00036138348118099994,0.10021120121898641,0.1003690049027223,0.10033608852961802,0.20052243934408362
0.0,0.1006349145605501,0.0,0.4019870350502537,0.0
0.09992395870885341,0.0,0.20172627091079662,0.2002052957795646,7.323896868208528e-07
0.3006285038793539,0.10062566810001307,0.0,0.0,0.10097719293014372
0.0,0.3014162820105441,0.0,0.10015248647692233,0.10027072829707276
0.300652694924282,3.3704954467043875e-05,0.0,0.100122893563443,0.10069537436744552
0.20086268346395392,0.10063521079475259,0.10049650016851629,0.1004798474607281,0.0
0.20033353178173083,0.10043150296135807,0.0,0.0,0.20110968220756723
7.436669795155255e-06,0.10079303740934796,0.10028862419277057,0.0,0.30074253770382164
0.10027353035366202,0.0,0.09995300355945519,0.0,0.3016209570125489
0.0,0.10056755837660054,0.10088698069337469,0.30040772711759367,0.0
0.19998874908774572,0.00014907781577366515,0.0,0.0,0.3016097840189452
0.10032388897343338,1.0227462553799397e-05,0.40165654674241674,8.064265841829922e-09,0.00018412090556542388
0.20045679294661264,0.20110849174390083,0.0,0.00019958745206176547,0.10011239354601273
0.40189081351425837,0.0,0.0,0.10050344000816136,0.0
1.133079546590092e-06,0.10000657139103555,0.00042472475679163096,0.20014683334622094,0.20135913026939806
0.10006362405669639,0.0,0.30155864233937923,0.0,0.10021753784101592
0.399933457191173,0.10023685132011506,0.0,8.961501818547438e-07,0.0
0.10029264060762601,0.20083328111192222,0.0,0.10023998710118986,0.10085992086671411
2.5660869971787172e-06,0.20099975784273513,0.0,0.10034021798302722,0.20080942933004356
0.0,0.2011441095530176,0.10016699684168179,0.20137017142010327,4.486874045146499e-05
0.0,0.10072487202216086,0.2009832217808059,0.2009989772811213,1.865358757134738e-05
9.370761198983543e-05,2.358856363845278e-05,0.20024530938302884,0.2005981273515423,0.10032647694401768
0.20067008586398755,0.0001973671756898173,0.20071291845640662,1.8474075653107813e-08,0.10024694423925479
0.0,0.2008592794063876,0.20084883444731588,0.10061634717026904,0.0
0.0,0.20023253791240586,0.0,0.0,0.299943847389292
0.30052716870959967,2.2708999819460246e-05,4.3833359197926166e-06,0.0,0.20041542118903632
0.3010751671094164,0.0,0.20055052324576175,0.0,0.0
0.20058253707061816,0.0,0.0,0.20094928665877723,0.10026235989378732
0.30115030389956315,0.0,0.10037629693153449,0.1002740949809248,2.3637585437458434e-05
0.20016736904547924,0.09996787677883501,0.20069351068890318,0.0004038708172498135,0.00038895073380309765
0.0,0.4015148548709054,0.0,0.10033939754125838,8.858294215585735e-06
0.0,0.5003447469918427,0.0,0.0,0.0
0.20081071755364194,0.3021783180094046,2.082584253114773e-06,0.0,0.0
0.0,0.0,0.3012736264142202,0.10019262281621205,0.10041402115602399
0.1000799311733033,0.10037411877154306,0.0,0.09992945913289616,0.20200714397013647
0.0,0.20073448785909095,0.0,0.200365644180329,0.1006944147245691
0.20110591901665203,0.0,8.674881032634773e-07,0.10012797075399955,0.20081840778078458
0.00020415643021597766,0.30132681255310456,0.09998704196078723,0.0,0.10040204356430081
0.10069763798077956,0.0,0.0,0.4022375837273096,0.0
0.10058803111598213,0.10040198077674048,0.3008460647594907,0.0,4.0082059188515757e-07
0.3011685379781857,0.10089816381727355,0.10040922137667017,0.0,0.0
0.0,0.0,0.3006390515959622,0.200555177431141,2.3710383751408474e-06
0.10037869416217043,0.000762349277473808,0.0,3.511466021348512e-06,0.4012621001204448
0.0,0.0,0.10058350893817652,0.0,0.4019266610988968
0.20095560522302558,0.0,0.3009893463191038,0.0,0.00017773110059516264
3.9348901160412753e-07,4.94708326491457e-05,2.6516268921732794e-05,0.30038879405429897,0.2004349984027762
0.2008055227854241,0.0,0.1002994817372072,8.803014637921484e-06,0.20072559495314193
0.0,0.0,0.0,0.5001980632802656,0.0
0.0,0.10036448077338943,6.777848490276994e-05,0.10022491206903747,0.30132728983233564
0.0,0.0,0.10048507844203325,0.30116471460160565,0.10030193181897544
0.0,0.0,0.4016466437476561,0.10043966508169865,3.071427070067039e-14
0.0,0.2008082625801693,0.10030526689642806,0.0,0.20072704649690226
0.0,0.0,0.5002007520548908,0.0,0.0
