f1,f2,f3,f4,f5,f6,f7,f8,f9,f10,f11
7.31E+01,1.84E+03,7.83E+01,2.17E+00,3.96E+02,4.09E+04,-1.47E+03,-1.61E+01,-1.93E+02,2.22E+00,3.19E-01
7.53E+01,1.87E+03,7.90E+01,2.34E+00,3.44E+02,4.15E+04,-1.02E+03,-1.70E+01,-1.85E+02,2.46E+00,3.43E-01
7.43E+01,1.88E+03,8.74E+01,2.34E+00,4.48E+02,4.21E+04,-1.58E+03,-1.58E+01,-1.98E+02,1.87E+00,3.37E-01
7.45E+01,1.92E+03,8.83E+01,2.14E+00,4.77E+02,4.30E+04,-2.07E+03,-1.68E+01,-1.96E+02,2.35E+00,3.10E-01
7.31E+01,1.84E+03,7.83E+01,2.17E+00,3.96E+02,4.09E+04,-1.47E+03,-1.61E+01,-1.93E+02,2.22E+00,3.19E-01
7.31E+01,1.85E+03,7.76E+01,2.24E+00,3.99E+02,4.13E+04,-1.40E+03,-1.63E+01,-1.94E+02,2.33E+00,4.31E-01
7.43E+01,1.88E+03,8.74E+01,2.34E+00,4.48E+02,4.21E+04,-1.58E+03,-1.58E+01,-1.98E+02,1.87E+00,3.37E-01
7.45E+01,1.92E+03,8.83E+01,2.14E+00,4.77E+02,4.30E+04,-2.07E+03,-1.68E+01,-1.96E+02,2.35E+00,3.10E-01
7.38E+01,1.82E+03,7.81E+01,2.19E+00,3.91E+02,4.08E+04,-1.32E+03,-1.57E+01,-1.91E+02,2.25E+00,5.35E-01
7.31E+01,1.84E+03,7.83E+01,2.17E+00,3.96E+02,4.09E+04,-1.47E+03,-1.61E+01,-1.93E+02,2.22E+00,3.19E-01
7.43E+01,1.88E+03,8.74E+01,2.34E+00,4.48E+02,4.21E+04,-1.58E+03,-1.58E+01,-1.98E+02,1.87E+00,3.37E-01
7.45E+01,1.92E+03,8.83E+01,2.14E+00,4.77E+02,4.30E+04,-2.07E+03,-1.68E+01,-1.96E+02,2.35E+00,3.10E-01
7.38E+01,1.82E+03,7.81E+01,2.19E+00,3.91E+02,4.08E+04,-1.32E+03,-1.57E+01,-1.91E+02,2.25E+00,5.35E-01
7.31E+01,1.84E+03,7.83E+01,2.17E+00,3.96E+02,4.09E+04,-1.47E+03,-1.61E+01,-1.93E+02,2.22E+00,3.19E-01
7.41E+01,1.88E+03,8.19E+01,2.16E+00,4.16E+02,4.21E+04,-1.71E+03,-1.63E+01,-1.98E+02,2.54E+00,3.91E-01
7.45E+01,1.92E+03,8.83E+01,2.14E+00,4.77E+02,4.30E+04,-2.07E+03,-1.68E+01,-1.96E+02,2.35E+00,3.10E-01
7.38E+01,1.82E+03,7.81E+01,2.19E+00,3.91E+02,4.08E+04,-1.32E+03,-1.57E+01,-1.91E+02,2.25E+00,5.35E-01
7.31E+01,1.84E+03,7.83E+01,2.17E+00,3.96E+02,4.09E+04,-1.47E+03,-1.61E+01,-1.93E+02,2.22E+00,3.19E-01
7.41E+01,1.84E+03,8.32E+01,2.18E+00,3.96E+02,4.14E+04,-1.49E+03,-1.56E+01,-1.95E+02,2.50E+00,7.49E-01
7.45E+01,1.92E+03,8.83E+01,2.14E+00,4.77E+02,4.30E+04,-2.07E+03,-1.68E+01,-1.96E+02,2.35E+00,3.10E-01
7.28E+01,1.76E+03,7.37E+01,2.07E+00,3.70E+02,3.91E+04,-1.20E+03,-1.50E+01,-1.91E+02,1.93E+00,2.86E-01
7.38E+01,1.82E+03,7.81E+01,2.19E+00,3.91E+02,4.08E+04,-1.32E+03,-1.57E+01,-1.91E+02,2.25E+00,5.35E-01
7.44E+01,1.89E+03,8.16E+01,2.26E+00,4.18E+02,4.23E+04,-1.60E+03,-1.67E+01,-1.92E+02,2.55E+00,5.66E-01
7.28E+01,1.76E+03,7.37E+01,2.07E+00,3.70E+02,3.91E+04,-1.20E+03,-1.50E+01,-1.91E+02,1.93E+00,2.86E-01
7.38E+01,1.82E+03,7.81E+01,2.19E+00,3.91E+02,4.08E+04,-1.32E+03,-1.57E+01,-1.91E+02,2.25E+00,5.35E-01
7.28E+01,1.76E+03,7.37E+01,2.07E+00,3.70E+02,3.91E+04,-1.20E+03,-1.50E+01,-1.91E+02,1.93E+00,2.86E-01
7.31E+01,1.78E+03,7.40E+01,2.10E+00,3.79E+02,3.97E+04,-1.31E+03,-1.52E+01,-1.90E+02,2.16E+00,1.98E-01
7.28E+01,1.76E+03,7.37E+01,2.07E+00,3.70E+02,3.91E+04,-1.20E+03,-1.50E+01,-1.91E+02,1.93E+00,2.86E-01
7.29E+01,1.77E+03,7.36E+01,2.10E+00,3.72E+02,3.94E+04,-1.23E+03,-1.51E+01,-1.91E+02,1.98E+00,2.77E-01
7.31E+01,1.76E+03,7.39E+01,2.07E+00,3.77E+02,3.94E+04,-1.27E+03,-1.51E+01,-1.90E+02,2.10E+00,2.04E-01
7.27E+01,1.75E+03,7.34E+01,2.07E+00,3.70E+02,3.90E+04,-1.20E+03,-1.49E+01,-1.91E+02,1.95E+00,2.66E-01
7.28E+01,1.76E+03,7.37E+01,2.07E+00,3.70E+02,3.91E+04,-1.20E+03,-1.50E+01,-1.91E+02,1.93E+00,2.86E-01
7.28E+01,1.76E+03,7.36E+01,2.10E+00,3.69E+02,3.92E+04,-1.20E+03,-1.51E+01,-1.91E+02,1.99E+00,3.06E-01
7.31E+01,1.76E+03,7.39E+01,2.07E+00,3.77E+02,3.94E+04,-1.27E+03,-1.51E+01,-1.90E+02,2.10E+00,2.04E-01
7.27E+01,1.75E+03,7.34E+01,2.07E+00,3.69E+02,3.90E+04,-1.19E+03,-1.49E+01,-1.91E+02,1.97E+00,2.85E-01
7.27E+01,1.75E+03,7.34E+01,2.07E+00,3.70E+02,3.90E+04,-1.20E+03,-1.49E+01,-1.91E+02,1.95E+00,2.66E-01
7.28E+01,1.76E+03,7.37E+01,2.07E+00,3.70E+02,3.91E+04,-1.20E+03,-1.50E+01,-1.91E+02,1.93E+00,2.88E-01
7.28E+01,1.76E+03,7.37E+01,2.10E+00,3.70E+02,3.93E+04,-1.22E+03,-1.51E+01,-1.91E+02,1.96E+00,2.91E-01
7.27E+01,1.75E+03,7.34E+01,2.07E+00,3.69E+02,3.90E+04,-1.19E+03,-1.49E+01,-1.91E+02,1.97E+00,2.85E-01
7.25E+01,1.75E+03,7.33E+01,2.08E+00,3.70E+02,3.90E+04,-1.19E+03,-1.49E+01,-1.91E+02,1.97E+00,2.55E-01
7.27E+01,1.75E+03,7.34E+01,2.07E+00,3.70E+02,3.90E+04,-1.20E+03,-1.49E+01,-1.91E+02,1.95E+00,2.66E-01
7.27E+01,1.75E+03,7.35E+01,2.08E+00,3.71E+02,3.91E+04,-1.21E+03,-1.49E+01,-1.91E+02,1.96E+00,2.65E-01
7.27E+01,1.75E+03,7.34E+01,2.07E+00,3.69E+02,3.90E+04,-1.19E+03,-1.49E+01,-1.91E+02,1.97E+00,2.85E-01
7.25E+01,1.75E+03,7.33E+01,2.08E+00,3.70E+02,3.90E+04,-1.19E+03,-1.49E+01,-1.91E+02,1.97E+00,2.55E-01
7.27E+01,1.75E+03,7.34E+01,2.07E+00,3.69E+02,3.90E+04,-1.20E+03,-1.49E+01,-1.91E+02,1.94E+00,2.71E-01
7.27E+01,1.75E+03,7.34E+01,2.07E+00,3.70E+02,3.90E+04,-1.20E+03,-1.49E+01,-1.91E+02,1.95E+00,2.66E-01
7.26E+01,1.75E+03,7.34E+01,2.07E+00,3.68E+02,3.90E+04,-1.18E+03,-1.49E+01,-1.91E+02,1.97E+00,2.90E-01
7.27E+01,1.75E+03,7.34E+01,2.07E+00,3.69E+02,3.90E+04,-1.19E+03,-1.49E+01,-1.91E+02,1.97E+00,2.85E-01
7.25E+01,1.75E+03,7.33E+01,2.08E+00,3.70E+02,3.90E+04,-1.19E+03,-1.49E+01,-1.91E+02,1.97E+00,2.55E-01
7.29E+01,1.77E+03,7.42E+01,2.09E+00,3.79E+02,3.95E+04,-1.23E+03,-1.50E+01,-1.91E+02,2.04E+00,3.05E-01
7.26E+01,1.75E+03,7.32E+01,2.07E+00,3.68E+02,3.90E+04,-1.19E+03,-1.49E+01,-1.91E+02,1.94E+00,2.63E-01
7.27E+01,1.75E+03,7.34E+01,2.07E+00,3.69E+02,3.90E+04,-1.19E+03,-1.49E+01,-1.91E+02,1.94E+00,2.71E-01
7.25E+01,1.75E+03,7.33E+01,2.08E+00,3.70E+02,3.90E+04,-1.19E+03,-1.49E+01,-1.91E+02,1.97E+00,2.55E-01
7.29E+01,1.77E+03,7.42E+01,2.09E+00,3.79E+02,3.95E+04,-1.23E+03,-1.50E+01,-1.91E+02,2.04E+00,3.05E-01
7.26E+01,1.74E+03,7.27E+01,2.08E+00,3.62E+02,3.88E+04,-1.15E+03,-1.50E+01,-1.90E+02,1.92E+00,2.82E-01
7.26E+01,1.75E+03,7.32E+01,2.07E+00,3.68E+02,3.90E+04,-1.19E+03,-1.49E+01,-1.91E+02,1.94E+00,2.63E-01
7.27E+01,1.75E+03,7.34E+01,2.07E+00,3.69E+02,3.90E+04,-1.19E+03,-1.49E+01,-1.91E+02,1.94E+00,2.71E-01
7.25E+01,1.74E+03,7.25E+01,2.08E+00,3.60E+02,3.87E+04,-1.14E+03,-1.49E+01,-1.90E+02,1.90E+00,2.73E-01
7.26E+01,1.74E+03,7.27E+01,2.08E+00,3.62E+02,3.88E+04,-1.15E+03,-1.50E+01,-1.90E+02,1.92E+00,2.82E-01
7.26E+01,1.75E+03,7.33E+01,2.07E+00,3.68E+02,3.89E+04,-1.18E+03,-1.49E+01,-1.91E+02,1.93E+00,2.65E-01
7.25E+01,1.74E+03,7.25E+01,2.08E+00,3.60E+02,3.87E+04,-1.14E+03,-1.49E+01,-1.90E+02,1.90E+00,2.73E-01
7.26E+01,1.74E+03,7.27E+01,2.08E+00,3.62E+02,3.88E+04,-1.15E+03,-1.50E+01,-1.90E+02,1.92E+00,2.82E-01
7.26E+01,1.74E+03,7.31E+01,2.07E+00,3.66E+02,3.88E+04,-1.17E+03,-1.48E+01,-1.91E+02,1.92E+00,2.60E-01
7.26E+01,1.73E+03,7.18E+01,2.07E+00,3.56E+02,3.86E+04,-1.11E+03,-1.49E+01,-1.90E+02,1.88E+00,2.77E-01
7.25E+01,1.74E+03,7.25E+01,2.08E+00,3.60E+02,3.87E+04,-1.14E+03,-1.49E+01,-1.90E+02,1.90E+00,2.73E-01
7.26E+01,1.73E+03,7.17E+01,2.07E+00,3.54E+02,3.85E+04,-1.10E+03,-1.48E+01,-1.90E+02,1.87E+00,2.69E-01
7.26E+01,1.73E+03,7.18E+01,2.07E+00,3.56E+02,3.86E+04,-1.11E+03,-1.49E+01,-1.90E+02,1.88E+00,2.77E-01
7.25E+01,1.74E+03,7.25E+01,2.08E+00,3.60E+02,3.87E+04,-1.14E+03,-1.49E+01,-1.90E+02,1.90E+00,2.73E-01
7.26E+01,1.73E+03,7.17E+01,2.07E+00,3.54E+02,3.85E+04,-1.10E+03,-1.48E+01,-1.90E+02,1.87E+00,2.69E-01
7.26E+01,1.73E+03,7.16E+01,2.08E+00,3.54E+02,3.85E+04,-1.10E+03,-1.48E+01,-1.90E+02,1.88E+00,2.73E-01
7.25E+01,1.73E+03,7.22E+01,2.08E+00,3.57E+02,3.86E+04,-1.12E+03,-1.49E+01,-1.90E+02,1.89E+00,2.71E-01
7.26E+01,1.74E+03,7.26E+01,2.07E+00,3.60E+02,3.87E+04,-1.15E+03,-1.49E+01,-1.90E+02,1.90E+00,2.71E-01
7.26E+01,1.73E+03,7.17E+01,2.07E+00,3.54E+02,3.85E+04,-1.10E+03,-1.48E+01,-1.90E+02,1.87E+00,2.69E-01
7.26E+01,1.73E+03,7.16E+01,2.08E+00,3.54E+02,3.85E+04,-1.10E+03,-1.48E+01,-1.90E+02,1.88E+00,2.73E-01
7.24E+01,1.73E+03,7.21E+01,2.08E+00,3.57E+02,3.86E+04,-1.12E+03,-1.49E+01,-1.90E+02,1.89E+00,2.65E-01
7.26E+01,1.74E+03,7.26E+01,2.07E+00,3.60E+02,3.87E+04,-1.15E+03,-1.49E+01,-1.90E+02,1.90E+00,2.71E-01
7.26E+01,1.72E+03,7.13E+01,2.08E+00,3.51E+02,3.83E+04,-1.08E+03,-1.48E+01,-1.90E+02,1.86E+00,2.73E-01
7.26E+01,1.73E+03,7.17E+01,2.07E+00,3.54E+02,3.85E+04,-1.10E+03,-1.48E+01,-1.90E+02,1.87E+00,2.69E-01
7.26E+01,1.74E+03,7.26E+01,2.07E+00,3.60E+02,3.87E+04,-1.15E+03,-1.49E+01,-1.90E+02,1.90E+00,2.71E-01
7.25E+01,1.72E+03,7.10E+01,2.07E+00,3.49E+02,3.82E+04,-1.07E+03,-1.48E+01,-1.90E+02,1.85E+00,2.63E-01
7.26E+01,1.72E+03,7.13E+01,2.08E+00,3.51E+02,3.83E+04,-1.08E+03,-1.48E+01,-1.90E+02,1.86E+00,2.73E-01
7.26E+01,1.73E+03,7.17E+01,2.07E+00,3.54E+02,3.84E+04,-1.10E+03,-1.48E+01,-1.90E+02,1.88E+00,2.77E-01
7.26E+01,1.74E+03,7.26E+01,2.07E+00,3.60E+02,3.87E+04,-1.15E+03,-1.49E+01,-1.90E+02,1.90E+00,2.71E-01
7.25E+01,1.72E+03,7.10E+01,2.07E+00,3.49E+02,3.82E+04,-1.07E+03,-1.48E+01,-1.90E+02,1.85E+00,2.63E-01
7.26E+01,1.72E+03,7.15E+01,2.07E+00,3.50E+02,3.83E+04,-1.07E+03,-1.48E+01,-1.90E+02,1.85E+00,2.84E-01
7.26E+01,1.72E+03,7.13E+01,2.08E+00,3.51E+02,3.83E+04,-1.08E+03,-1.48E+01,-1.90E+02,1.86E+00,2.73E-01
7.26E+01,1.73E+03,7.30E+01,2.06E+00,3.64E+02,3.87E+04,-1.16E+03,-1.48E+01,-1.91E+02,1.90E+00,2.43E-01
7.25E+01,1.72E+03,7.12E+01,2.07E+00,3.49E+02,3.82E+04,-1.06E+03,-1.48E+01,-1.90E+02,1.85E+00,2.71E-01
7.25E+01,1.72E+03,7.10E+01,2.07E+00,3.49E+02,3.82E+04,-1.07E+03,-1.48E+01,-1.90E+02,1.85E+00,2.63E-01
7.26E+01,1.72E+03,7.13E+01,2.07E+00,3.50E+02,3.83E+04,-1.08E+03,-1.48E+01,-1.90E+02,1.86E+00,2.69E-01
7.26E+01,1.73E+03,7.19E+01,2.06E+00,3.57E+02,3.84E+04,-1.11E+03,-1.47E+01,-1.91E+02,1.89E+00,2.42E-01
7.25E+01,1.72E+03,7.12E+01,2.07E+00,3.49E+02,3.82E+04,-1.06E+03,-1.48E+01,-1.90E+02,1.85E+00,2.71E-01
7.25E+01,1.72E+03,7.12E+01,2.07E+00,3.49E+02,3.82E+04,-1.07E+03,-1.48E+01,-1.90E+02,1.85E+00,2.64E-01
7.24E+01,1.72E+03,7.08E+01,2.08E+00,3.48E+02,3.83E+04,-1.07E+03,-1.48E+01,-1.89E+02,1.87E+00,2.49E-01
7.26E+01,1.73E+03,7.19E+01,2.06E+00,3.57E+02,3.84E+04,-1.11E+03,-1.47E+01,-1.91E+02,1.89E+00,2.42E-01
7.25E+01,1.72E+03,7.12E+01,2.07E+00,3.49E+02,3.82E+04,-1.06E+03,-1.48E+01,-1.90E+02,1.85E+00,2.71E-01
7.25E+01,1.72E+03,7.10E+01,2.07E+00,3.49E+02,3.82E+04,-1.07E+03,-1.48E+01,-1.89E+02,1.85E+00,2.58E-01
7.25E+01,1.72E+03,7.12E+01,2.07E+00,3.49E+02,3.82E+04,-1.07E+03,-1.48E+01,-1.90E+02,1.85E+00,2.64E-01
7.26E+01,1.72E+03,7.21E+01,2.05E+00,3.57E+02,3.84E+04,-1.11E+03,-1.47E+01,-1.91E+02,1.88E+00,2.56E-01
7.25E+01,1.72E+03,7.12E+01,2.07E+00,3.49E+02,3.82E+04,-1.06E+03,-1.48E+01,-1.89E+02,1.85E+00,2.73E-01
7.25E+01,1.72E+03,7.11E+01,2.07E+00,3.49E+02,3.82E+04,-1.07E+03,-1.48E+01,-1.90E+02,1.84E+00,2.55E-01
7.25E+01,1.72E+03,7.12E+01,2.07E+00,3.49E+02,3.82E+04,-1.07E+03,-1.48E+01,-1.90E+02,1.85E+00,2.64E-01
7.26E+01,1.72E+03,7.21E+01,2.05E+00,3.57E+02,3.84E+04,-1.11E+03,-1.47E+01,-1.91E+02,1.88E+00,2.56E-01
7.24E+01,1.71E+03,7.07E+01,2.06E+00,3.46E+02,3.81E+04,-1.05E+03,-1.48E+01,-1.89E+02,1.84E+00,2.49E-01
7.25E+01,1.72E+03,7.12E+01,2.07E+00,3.49E+02,3.82E+04,-1.06E+03,-1.48E+01,-1.89E+02,1.85E+00,2.73E-01
7.26E+01,1.72E+03,7.13E+01,2.05E+00,3.53E+02,3.82E+04,-1.07E+03,-1.47E+01,-1.90E+02,1.89E+00,2.43E-01
7.24E+01,1.71E+03,7.04E+01,2.06E+00,3.44E+02,3.80E+04,-1.03E+03,-1.48E+01,-1.89E+02,1.85E+00,2.59E-01
7.25E+01,1.71E+03,7.05E+01,2.06E+00,3.45E+02,3.81E+04,-1.04E+03,-1.48E+01,-1.89E+02,1.85E+00,2.63E-01
7.24E+01,1.71E+03,7.07E+01,2.06E+00,3.46E+02,3.81E+04,-1.05E+03,-1.48E+01,-1.89E+02,1.84E+00,2.49E-01
7.25E+01,1.72E+03,7.14E+01,2.05E+00,3.53E+02,3.82E+04,-1.08E+03,-1.47E+01,-1.90E+02,1.88E+00,2.25E-01
7.24E+01,1.71E+03,7.06E+01,2.06E+00,3.45E+02,3.80E+04,-1.04E+03,-1.48E+01,-1.89E+02,1.85E+00,2.46E-01
7.25E+01,1.71E+03,7.05E+01,2.06E+00,3.45E+02,3.81E+04,-1.04E+03,-1.48E+01,-1.89E+02,1.85E+00,2.63E-01
7.24E+01,1.71E+03,7.07E+01,2.06E+00,3.46E+02,3.81E+04,-1.05E+03,-1.48E+01,-1.89E+02,1.84E+00,2.49E-01
7.25E+01,1.72E+03,7.14E+01,2.05E+00,3.53E+02,3.82E+04,-1.08E+03,-1.47E+01,-1.90E+02,1.88E+00,2.25E-01
7.24E+01,1.71E+03,7.06E+01,2.06E+00,3.45E+02,3.80E+04,-1.04E+03,-1.48E+01,-1.89E+02,1.85E+00,2.46E-01
7.24E+01,1.71E+03,7.05E+01,2.06E+00,3.46E+02,3.81E+04,-1.04E+03,-1.48E+01,-1.89E+02,1.84E+00,2.36E-01
7.24E+01,1.71E+03,7.07E+01,2.06E+00,3.46E+02,3.81E+04,-1.05E+03,-1.48E+01,-1.89E+02,1.84E+00,2.49E-01
7.25E+01,1.72E+03,7.11E+01,2.07E+00,3.49E+02,3.82E+04,-1.07E+03,-1.48E+01,-1.90E+02,1.84E+00,2.65E-01
7.24E+01,1.71E+03,7.05E+01,2.06E+00,3.45E+02,3.80E+04,-1.04E+03,-1.48E+01,-1.89E+02,1.83E+00,2.44E-01
7.24E+01,1.71E+03,7.06E+01,2.06E+00,3.45E+02,3.80E+04,-1.04E+03,-1.48E+01,-1.89E+02,1.85E+00,2.46E-01
7.24E+01,1.71E+03,7.07E+01,2.06E+00,3.46E+02,3.81E+04,-1.04E+03,-1.48E+01,-1.89E+02,1.85E+00,2.51E-01
7.25E+01,1.72E+03,7.10E+01,2.07E+00,3.49E+02,3.82E+04,-1.07E+03,-1.48E+01,-1.90E+02,1.84E+00,2.59E-01
7.24E+01,1.71E+03,7.06E+01,2.06E+00,3.45E+02,3.80E+04,-1.03E+03,-1.48E+01,-1.89E+02,1.83E+00,2.58E-01
7.24E+01,1.71E+03,7.05E+01,2.06E+00,3.45E+02,3.80E+04,-1.04E+03,-1.48E+01,-1.89E+02,1.83E+00,2.44E-01
7.24E+01,1.71E+03,7.05E+01,2.06E+00,3.46E+02,3.81E+04,-1.05E+03,-1.48E+01,-1.89E+02,1.84E+00,2.30E-01
7.26E+01,1.73E+03,7.19E+01,2.08E+00,3.57E+02,3.86E+04,-1.12E+03,-1.50E+01,-1.90E+02,1.87E+00,2.58E-01
7.23E+01,1.71E+03,7.07E+01,2.05E+00,3.43E+02,3.79E+04,-1.01E+03,-1.48E+01,-1.88E+02,1.85E+00,2.86E-01
7.24E+01,1.71E+03,7.06E+01,2.06E+00,3.45E+02,3.80E+04,-1.03E+03,-1.48E+01,-1.89E+02,1.83E+00,2.58E-01
7.24E+01,1.71E+03,7.05E+01,2.06E+00,3.45E+02,3.80E+04,-1.04E+03,-1.48E+01,-1.89E+02,1.83E+00,2.45E-01
7.25E+01,1.72E+03,7.13E+01,2.07E+00,3.52E+02,3.83E+04,-1.08E+03,-1.48E+01,-1.90E+02,1.85E+00,2.50E-01
7.23E+01,1.71E+03,7.07E+01,2.05E+00,3.43E+02,3.79E+04,-1.01E+03,-1.48E+01,-1.88E+02,1.85E+00,2.86E-01
7.24E+01,1.71E+03,7.06E+01,2.06E+00,3.45E+02,3.80E+04,-1.03E+03,-1.48E+01,-1.89E+02,1.83E+00,2.58E-01
7.24E+01,1.72E+03,7.17E+01,2.06E+00,3.52E+02,3.82E+04,-1.07E+03,-1.48E+01,-1.90E+02,1.87E+00,2.87E-01
7.23E+01,1.71E+03,7.07E+01,2.05E+00,3.43E+02,3.79E+04,-1.01E+03,-1.48E+01,-1.88E+02,1.85E+00,2.86E-01
7.24E+01,1.71E+03,7.06E+01,2.06E+00,3.45E+02,3.80E+04,-1.03E+03,-1.48E+01,-1.89E+02,1.83E+00,2.58E-01
7.25E+01,1.71E+03,7.06E+01,2.06E+00,3.46E+02,3.81E+04,-1.04E+03,-1.48E+01,-1.89E+02,1.85E+00,2.63E-01
7.23E+01,1.71E+03,7.07E+01,2.05E+00,3.43E+02,3.79E+04,-1.01E+03,-1.48E+01,-1.88E+02,1.85E+00,2.86E-01
7.24E+01,1.71E+03,7.05E+01,2.06E+00,3.45E+02,3.80E+04,-1.03E+03,-1.48E+01,-1.89E+02,1.83E+00,2.52E-01
7.24E+01,1.72E+03,7.06E+01,2.07E+00,3.50E+02,3.83E+04,-1.08E+03,-1.48E+01,-1.90E+02,1.91E+00,1.95E-01
7.23E+01,1.71E+03,7.07E+01,2.05E+00,3.43E+02,3.79E+04,-1.01E+03,-1.48E+01,-1.88E+02,1.85E+00,2.86E-01
7.24E+01,1.71E+03,7.05E+01,2.06E+00,3.45E+02,3.80E+04,-1.03E+03,-1.48E+01,-1.89E+02,1.83E+00,2.52E-01
7.24E+01,1.72E+03,7.06E+01,2.07E+00,3.49E+02,3.83E+04,-1.07E+03,-1.48E+01,-1.90E+02,1.91E+00,1.99E-01
7.23E+01,1.71E+03,7.07E+01,2.05E+00,3.43E+02,3.79E+04,-1.01E+03,-1.48E+01,-1.88E+02,1.85E+00,2.86E-01
7.24E+01,1.71E+03,7.05E+01,2.06E+00,3.45E+02,3.80E+04,-1.03E+03,-1.48E+01,-1.89E+02,1.83E+00,2.52E-01
7.24E+01,1.71E+03,7.06E+01,2.06E+00,3.45E+02,3.80E+04,-1.03E+03,-1.48E+01,-1.89E+02,1.83E+00,2.58E-01
7.24E+01,1.72E+03,7.07E+01,2.06E+00,3.48E+02,3.82E+04,-1.05E+03,-1.48E+01,-1.89E+02,1.93E+00,2.28E-01
7.23E+01,1.71E+03,7.07E+01,2.05E+00,3.43E+02,3.79E+04,-1.01E+03,-1.48E+01,-1.88E+02,1.86E+00,2.85E-01
7.24E+01,1.71E+03,7.05E+01,2.06E+00,3.45E+02,3.80E+04,-1.03E+03,-1.48E+01,-1.89E+02,1.83E+00,2.52E-01
7.24E+01,1.72E+03,7.07E+01,2.06E+00,3.48E+02,3.82E+04,-1.05E+03,-1.48E+01,-1.89E+02,1.93E+00,2.29E-01
7.23E+01,1.71E+03,7.06E+01,2.05E+00,3.42E+02,3.79E+04,-1.01E+03,-1.48E+01,-1.88E+02,1.85E+00,2.83E-01
7.24E+01,1.71E+03,7.07E+01,2.05E+00,3.43E+02,3.79E+04,-1.01E+03,-1.48E+01,-1.88E+02,1.85E+00,2.87E-01
7.24E+01,1.71E+03,7.05E+01,2.06E+00,3.45E+02,3.80E+04,-1.03E+03,-1.48E+01,-1.89E+02,1.83E+00,2.52E-01
7.24E+01,1.71E+03,7.05E+01,2.06E+00,3.44E+02,3.80E+04,-1.03E+03,-1.48E+01,-1.89E+02,1.83E+00,2.56E-01
7.24E+01,1.70E+03,7.05E+01,2.04E+00,3.39E+02,3.77E+04,-9.96E+02,-1.48E+01,-1.88E+02,1.84E+00,2.94E-01
7.23E+01,1.70E+03,7.06E+01,2.05E+00,3.42E+02,3.79E+04,-1.01E+03,-1.48E+01,-1.88E+02,1.85E+00,2.84E-01
7.24E+01,1.70E+03,7.03E+01,2.05E+00,3.38E+02,3.77E+04,-9.98E+02,-1.47E+01,-1.88E+02,1.84E+00,2.80E-01
7.24E+01,1.70E+03,7.05E+01,2.04E+00,3.39E+02,3.77E+04,-9.96E+02,-1.48E+01,-1.88E+02,1.84E+00,2.94E-01
7.23E+01,1.70E+03,7.06E+01,2.04E+00,3.42E+02,3.78E+04,-1.00E+03,-1.48E+01,-1.88E+02,1.84E+00,2.88E-01
7.24E+01,1.70E+03,7.03E+01,2.05E+00,3.38E+02,3.77E+04,-9.98E+02,-1.47E+01,-1.88E+02,1.84E+00,2.80E-01
7.24E+01,1.70E+03,7.05E+01,2.04E+00,3.39E+02,3.77E+04,-9.96E+02,-1.48E+01,-1.88E+02,1.84E+00,2.94E-01
7.24E+01,1.70E+03,7.03E+01,2.05E+00,3.39E+02,3.78E+04,-1.00E+03,-1.48E+01,-1.88E+02,1.84E+00,2.83E-01
7.25E+01,1.71E+03,7.13E+01,2.03E+00,3.46E+02,3.79E+04,-1.03E+03,-1.47E+01,-1.89E+02,1.88E+00,2.81E-01
7.24E+01,1.70E+03,7.04E+01,2.04E+00,3.38E+02,3.77E+04,-9.89E+02,-1.47E+01,-1.88E+02,1.84E+00,2.94E-01
7.24E+01,1.70E+03,7.02E+01,2.05E+00,3.38E+02,3.77E+04,-9.97E+02,-1.48E+01,-1.88E+02,1.84E+00,2.81E-01
7.24E+01,1.70E+03,7.05E+01,2.04E+00,3.39E+02,3.77E+04,-9.96E+02,-1.48E+01,-1.88E+02,1.84E+00,2.94E-01
7.25E+01,1.70E+03,7.11E+01,2.03E+00,3.46E+02,3.79E+04,-1.03E+03,-1.47E+01,-1.89E+02,1.88E+00,2.74E-01
7.23E+01,1.70E+03,7.03E+01,2.04E+00,3.38E+02,3.77E+04,-9.91E+02,-1.47E+01,-1.88E+02,1.83E+00,2.89E-01
7.24E+01,1.70E+03,7.03E+01,2.04E+00,3.38E+02,3.77E+04,-9.91E+02,-1.47E+01,-1.88E+02,1.84E+00,2.93E-01
7.24E+01,1.70E+03,7.02E+01,2.05E+00,3.38E+02,3.77E+04,-9.97E+02,-1.48E+01,-1.88E+02,1.84E+00,2.81E-01
7.25E+01,1.70E+03,7.10E+01,2.03E+00,3.45E+02,3.79E+04,-1.03E+03,-1.47E+01,-1.89E+02,1.87E+00,2.77E-01
7.24E+01,1.69E+03,7.01E+01,2.04E+00,3.38E+02,3.76E+04,-9.91E+02,-1.48E+01,-1.88E+02,1.83E+00,2.82E-01
7.23E+01,1.70E+03,7.03E+01,2.04E+00,3.38E+02,3.77E+04,-9.91E+02,-1.47E+01,-1.88E+02,1.83E+00,2.89E-01
7.24E+01,1.70E+03,7.03E+01,2.04E+00,3.38E+02,3.77E+04,-9.91E+02,-1.47E+01,-1.88E+02,1.84E+00,2.93E-01
7.25E+01,1.70E+03,7.09E+01,2.04E+00,3.44E+02,3.79E+04,-1.02E+03,-1.47E+01,-1.89E+02,1.87E+00,2.77E-01
7.24E+01,1.69E+03,7.01E+01,2.04E+00,3.38E+02,3.76E+04,-9.91E+02,-1.48E+01,-1.88E+02,1.83E+00,2.82E-01
7.23E+01,1.70E+03,7.03E+01,2.04E+00,3.38E+02,3.77E+04,-9.91E+02,-1.47E+01,-1.88E+02,1.83E+00,2.89E-01
7.24E+01,1.70E+03,7.04E+01,2.04E+00,3.39E+02,3.77E+04,-9.95E+02,-1.47E+01,-1.88E+02,1.84E+00,2.97E-01
7.23E+01,1.70E+03,7.02E+01,2.05E+00,3.41E+02,3.78E+04,-1.02E+03,-1.48E+01,-1.89E+02,1.89E+00,2.41E-01
7.24E+01,1.69E+03,7.01E+01,2.04E+00,3.38E+02,3.76E+04,-9.91E+02,-1.48E+01,-1.88E+02,1.83E+00,2.82E-01
7.23E+01,1.70E+03,7.04E+01,2.04E+00,3.38E+02,3.77E+04,-9.90E+02,-1.47E+01,-1.88E+02,1.83E+00,2.91E-01
7.24E+01,1.70E+03,7.04E+01,2.04E+00,3.39E+02,3.77E+04,-9.95E+02,-1.47E+01,-1.88E+02,1.84E+00,2.97E-01
7.24E+01,1.70E+03,7.02E+01,2.05E+00,3.40E+02,3.78E+04,-1.02E+03,-1.48E+01,-1.88E+02,1.80E+00,2.53E-01
7.23E+01,1.69E+03,7.00E+01,2.04E+00,3.37E+02,3.76E+04,-9.90E+02,-1.48E+01,-1.88E+02,1.83E+00,2.68E-01
7.24E+01,1.70E+03,7.02E+01,2.05E+00,3.36E+02,3.76E+04,-9.76E+02,-1.48E+01,-1.88E+02,1.89E+00,3.15E-01
7.24E+01,1.69E+03,7.01E+01,2.04E+00,3.38E+02,3.76E+04,-9.91E+02,-1.48E+01,-1.88E+02,1.83E+00,2.82E-01
7.24E+01,1.70E+03,7.04E+01,2.04E+00,3.39E+02,3.77E+04,-9.95E+02,-1.47E+01,-1.88E+02,1.84E+00,2.97E-01
7.23E+01,1.69E+03,7.02E+01,2.04E+00,3.35E+02,3.75E+04,-9.63E+02,-1.47E+01,-1.88E+02,1.86E+00,3.22E-01
7.23E+01,1.69E+03,7.00E+01,2.04E+00,3.37E+02,3.76E+04,-9.90E+02,-1.48E+01,-1.88E+02,1.83E+00,2.68E-01
7.24E+01,1.69E+03,7.01E+01,2.04E+00,3.38E+02,3.76E+04,-9.91E+02,-1.48E+01,-1.88E+02,1.83E+00,2.82E-01
7.23E+01,1.69E+03,7.02E+01,2.03E+00,3.35E+02,3.75E+04,-9.62E+02,-1.47E+01,-1.87E+02,1.86E+00,3.24E-01
7.23E+01,1.69E+03,7.00E+01,2.04E+00,3.37E+02,3.76E+04,-9.87E+02,-1.47E+01,-1.88E+02,1.83E+00,2.66E-01
7.24E+01,1.70E+03,7.03E+01,2.05E+00,3.40E+02,3.78E+04,-1.00E+03,-1.48E+01,-1.88E+02,1.85E+00,2.89E-01
7.23E+01,1.69E+03,7.01E+01,2.04E+00,3.35E+02,3.75E+04,-9.63E+02,-1.47E+01,-1.88E+02,1.86E+00,3.19E-01
7.23E+01,1.69E+03,7.00E+01,2.04E+00,3.37E+02,3.76E+04,-9.87E+02,-1.47E+01,-1.88E+02,1.83E+00,2.66E-01
7.24E+01,1.70E+03,7.03E+01,2.05E+00,3.40E+02,3.78E+04,-1.00E+03,-1.48E+01,-1.88E+02,1.85E+00,2.89E-01
7.22E+01,1.72E+03,7.38E+01,2.05E+00,3.53E+02,3.84E+04,-1.08E+03,-1.50E+01,-1.89E+02,1.90E+00,3.15E-01
7.23E+01,1.69E+03,7.01E+01,2.04E+00,3.35E+02,3.75E+04,-9.63E+02,-1.47E+01,-1.88E+02,1.86E+00,3.19E-01
7.23E+01,1.69E+03,7.00E+01,2.04E+00,3.37E+02,3.76E+04,-9.87E+02,-1.47E+01,-1.88E+02,1.83E+00,2.66E-01
7.22E+01,1.69E+03,6.98E+01,2.06E+00,3.37E+02,3.76E+04,-9.64E+02,-1.46E+01,-1.88E+02,1.91E+00,2.73E-01
7.21E+01,1.72E+03,7.40E+01,2.04E+00,3.49E+02,3.82E+04,-1.05E+03,-1.51E+01,-1.89E+02,1.90E+00,3.41E-01
7.23E+01,1.69E+03,7.01E+01,2.03E+00,3.35E+02,3.75E+04,-9.62E+02,-1.47E+01,-1.88E+02,1.86E+00,3.18E-01
7.23E+01,1.69E+03,7.00E+01,2.04E+00,3.37E+02,3.76E+04,-9.87E+02,-1.47E+01,-1.88E+02,1.83E+00,2.66E-01
7.21E+01,1.70E+03,6.98E+01,2.08E+00,3.39E+02,3.78E+04,-9.96E+02,-1.47E+01,-1.88E+02,1.93E+00,2.40E-01
7.23E+01,1.69E+03,7.01E+01,2.03E+00,3.35E+02,3.75E+04,-9.62E+02,-1.47E+01,-1.88E+02,1.86E+00,3.18E-01
7.21E+01,1.69E+03,6.97E+01,2.05E+00,3.37E+02,3.75E+04,-9.69E+02,-1.46E+01,-1.88E+02,1.88E+00,2.47E-01
7.23E+01,1.69E+03,7.00E+01,2.04E+00,3.37E+02,3.76E+04,-9.87E+02,-1.47E+01,-1.88E+02,1.83E+00,2.66E-01
7.21E+01,1.70E+03,6.98E+01,2.08E+00,3.39E+02,3.78E+04,-9.96E+02,-1.47E+01,-1.88E+02,1.93E+00,2.40E-01
7.23E+01,1.68E+03,6.99E+01,2.03E+00,3.34E+02,3.74E+04,-9.54E+02,-1.47E+01,-1.87E+02,1.84E+00,3.09E-01
7.23E+01,1.69E+03,7.01E+01,2.03E+00,3.35E+02,3.75E+04,-9.62E+02,-1.47E+01,-1.88E+02,1.86E+00,3.18E-01
7.21E+01,1.69E+03,6.97E+01,2.05E+00,3.37E+02,3.75E+04,-9.69E+02,-1.46E+01,-1.88E+02,1.88E+00,2.47E-01
7.23E+01,1.68E+03,6.99E+01,2.03E+00,3.34E+02,3.74E+04,-9.54E+02,-1.47E+01,-1.87E+02,1.84E+00,3.09E-01
7.23E+01,1.69E+03,6.99E+01,2.03E+00,3.34E+02,3.74E+04,-9.61E+02,-1.47E+01,-1.87E+02,1.85E+00,2.99E-01
7.22E+01,1.70E+03,7.05E+01,2.06E+00,3.43E+02,3.78E+04,-1.01E+03,-1.46E+01,-1.88E+02,1.90E+00,2.67E-01
7.23E+01,1.68E+03,6.99E+01,2.01E+00,3.33E+02,3.73E+04,-9.45E+02,-1.47E+01,-1.87E+02,1.82E+00,3.14E-01
7.23E+01,1.68E+03,6.99E+01,2.03E+00,3.34E+02,3.74E+04,-9.54E+02,-1.47E+01,-1.87E+02,1.84E+00,3.09E-01
7.24E+01,1.70E+03,7.01E+01,2.04E+00,3.39E+02,3.77E+04,-1.00E+03,-1.48E+01,-1.88E+02,1.84E+00,2.61E-01
7.23E+01,1.68E+03,6.99E+01,2.01E+00,3.33E+02,3.73E+04,-9.45E+02,-1.47E+01,-1.87E+02,1.82E+00,3.14E-01
7.23E+01,1.68E+03,6.99E+01,2.03E+00,3.34E+02,3.74E+04,-9.54E+02,-1.47E+01,-1.87E+02,1.84E+00,3.09E-01
7.23E+01,1.69E+03,7.01E+01,2.03E+00,3.35E+02,3.75E+04,-9.64E+02,-1.47E+01,-1.87E+02,1.85E+00,3.08E-01
7.23E+01,1.68E+03,6.99E+01,2.01E+00,3.33E+02,3.73E+04,-9.45E+02,-1.47E+01,-1.87E+02,1.82E+00,3.14E-01
7.23E+01,1.68E+03,7.00E+01,2.01E+00,3.34E+02,3.73E+04,-9.52E+02,-1.47E+01,-1.87E+02,1.83E+00,3.09E-01
7.23E+01,1.69E+03,6.99E+01,2.03E+00,3.34E+02,3.74E+04,-9.57E+02,-1.47E+01,-1.87E+02,1.84E+00,3.11E-01
7.23E+01,1.68E+03,6.99E+01,2.01E+00,3.33E+02,3.73E+04,-9.45E+02,-1.47E+01,-1.87E+02,1.82E+00,3.14E-01
7.23E+01,1.68E+03,7.01E+01,2.02E+00,3.33E+02,3.73E+04,-9.48E+02,-1.47E+01,-1.87E+02,1.82E+00,3.28E-01
7.23E+01,1.69E+03,7.00E+01,2.03E+00,3.34E+02,3.74E+04,-9.54E+02,-1.47E+01,-1.87E+02,1.85E+00,3.16E-01
7.23E+01,1.68E+03,6.99E+01,2.01E+00,3.33E+02,3.73E+04,-9.45E+02,-1.47E+01,-1.87E+02,1.82E+00,3.14E-01
7.23E+01,1.68E+03,7.01E+01,2.02E+00,3.33E+02,3.73E+04,-9.48E+02,-1.47E+01,-1.87E+02,1.82E+00,3.28E-01
7.23E+01,1.69E+03,6.99E+01,2.03E+00,3.34E+02,3.74E+04,-9.55E+02,-1.47E+01,-1.87E+02,1.84E+00,3.11E-01
7.24E+01,1.69E+03,6.98E+01,2.04E+00,3.38E+02,3.76E+04,-1.00E+03,-1.48E+01,-1.88E+02,1.79E+00,2.47E-01
7.23E+01,1.68E+03,6.99E+01,2.01E+00,3.33E+02,3.73E+04,-9.45E+02,-1.47E+01,-1.87E+02,1.82E+00,3.14E-01
7.23E+01,1.68E+03,7.01E+01,2.02E+00,3.33E+02,3.73E+04,-9.48E+02,-1.47E+01,-1.87E+02,1.82E+00,3.28E-01
7.23E+01,1.68E+03,6.99E+01,2.02E+00,3.34E+02,3.74E+04,-9.54E+02,-1.47E+01,-1.87E+02,1.84E+00,3.02E-01
7.24E+01,1.69E+03,7.01E+01,2.03E+00,3.36E+02,3.75E+04,-9.68E+02,-1.47E+01,-1.87E+02,1.85E+00,3.11E-01
7.23E+01,1.68E+03,6.99E+01,2.01E+00,3.33E+02,3.73E+04,-9.45E+02,-1.47E+01,-1.87E+02,1.82E+00,3.14E-01
7.23E+01,1.68E+03,7.01E+01,2.02E+00,3.33E+02,3.73E+04,-9.48E+02,-1.47E+01,-1.87E+02,1.82E+00,3.28E-01
7.23E+01,1.69E+03,6.99E+01,2.03E+00,3.34E+02,3.74E+04,-9.56E+02,-1.47E+01,-1.87E+02,1.84E+00,3.10E-01
7.22E+01,1.68E+03,6.90E+01,2.03E+00,3.28E+02,3.72E+04,-9.15E+02,-1.48E+01,-1.87E+02,1.85E+00,3.14E-01
7.23E+01,1.68E+03,6.99E+01,2.01E+00,3.33E+02,3.73E+04,-9.45E+02,-1.47E+01,-1.87E+02,1.82E+00,3.14E-01
7.23E+01,1.68E+03,7.01E+01,2.02E+00,3.33E+02,3.73E+04,-9.48E+02,-1.47E+01,-1.87E+02,1.82E+00,3.28E-01
7.23E+01,1.67E+03,6.89E+01,2.02E+00,3.24E+02,3.71E+04,-9.06E+02,-1.49E+01,-1.86E+02,1.85E+00,3.31E-01
7.22E+01,1.68E+03,6.90E+01,2.03E+00,3.28E+02,3.72E+04,-9.15E+02,-1.48E+01,-1.87E+02,1.85E+00,3.14E-01
7.23E+01,1.68E+03,6.98E+01,2.01E+00,3.33E+02,3.73E+04,-9.44E+02,-1.47E+01,-1.87E+02,1.82E+00,3.13E-01
7.23E+01,1.67E+03,6.89E+01,2.02E+00,3.24E+02,3.71E+04,-9.06E+02,-1.49E+01,-1.86E+02,1.85E+00,3.31E-01
7.22E+01,1.68E+03,6.90E+01,2.03E+00,3.28E+02,3.72E+04,-9.15E+02,-1.48E+01,-1.87E+02,1.85E+00,3.14E-01
7.23E+01,1.68E+03,6.98E+01,2.01E+00,3.33E+02,3.73E+04,-9.44E+02,-1.47E+01,-1.87E+02,1.82E+00,3.14E-01
7.23E+01,1.67E+03,6.87E+01,2.02E+00,3.24E+02,3.71E+04,-9.06E+02,-1.48E+01,-1.86E+02,1.85E+00,3.14E-01
7.22E+01,1.68E+03,6.90E+01,2.03E+00,3.28E+02,3.72E+04,-9.15E+02,-1.48E+01,-1.87E+02,1.85E+00,3.14E-01
7.23E+01,1.68E+03,6.97E+01,2.01E+00,3.32E+02,3.73E+04,-9.41E+02,-1.47E+01,-1.87E+02,1.82E+00,3.14E-01
7.23E+01,1.67E+03,6.87E+01,2.02E+00,3.24E+02,3.71E+04,-9.06E+02,-1.48E+01,-1.86E+02,1.85E+00,3.14E-01
7.22E+01,1.68E+03,6.89E+01,2.03E+00,3.28E+02,3.72E+04,-9.15E+02,-1.48E+01,-1.87E+02,1.85E+00,3.10E-01
7.22E+01,1.68E+03,6.90E+01,2.03E+00,3.28E+02,3.72E+04,-9.15E+02,-1.48E+01,-1.87E+02,1.85E+00,3.14E-01
7.23E+01,1.67E+03,6.86E+01,2.02E+00,3.24E+02,3.70E+04,-9.03E+02,-1.48E+01,-1.86E+02,1.85E+00,3.13E-01
7.23E+01,1.67E+03,6.87E+01,2.02E+00,3.24E+02,3.71E+04,-9.06E+02,-1.48E+01,-1.86E+02,1.85E+00,3.14E-01
7.22E+01,1.68E+03,6.89E+01,2.03E+00,3.28E+02,3.72E+04,-9.15E+02,-1.48E+01,-1.87E+02,1.85E+00,3.10E-01
7.23E+01,1.70E+03,6.93E+01,2.10E+00,3.36E+02,3.79E+04,-9.85E+02,-1.50E+01,-1.87E+02,1.95E+00,2.79E-01
7.23E+01,1.67E+03,6.86E+01,2.02E+00,3.24E+02,3.70E+04,-9.03E+02,-1.48E+01,-1.86E+02,1.85E+00,3.13E-01
7.23E+01,1.67E+03,6.87E+01,2.03E+00,3.25E+02,3.71E+04,-9.15E+02,-1.48E+01,-1.87E+02,1.85E+00,3.04E-01
7.22E+01,1.68E+03,6.89E+01,2.03E+00,3.28E+02,3.72E+04,-9.15E+02,-1.48E+01,-1.87E+02,1.85E+00,3.10E-01
7.23E+01,1.70E+03,6.92E+01,2.10E+00,3.36E+02,3.79E+04,-9.86E+02,-1.50E+01,-1.87E+02,1.95E+00,2.70E-01
7.23E+01,1.67E+03,6.86E+01,2.02E+00,3.24E+02,3.70E+04,-9.03E+02,-1.48E+01,-1.86E+02,1.85E+00,3.13E-01
7.23E+01,1.67E+03,6.87E+01,2.03E+00,3.25E+02,3.71E+04,-9.15E+02,-1.48E+01,-1.87E+02,1.85E+00,3.04E-01
7.23E+01,1.69E+03,6.84E+01,2.08E+00,3.26E+02,3.75E+04,-9.41E+02,-1.49E+01,-1.87E+02,1.94E+00,2.73E-01
7.22E+01,1.67E+03,6.85E+01,2.02E+00,3.24E+02,3.70E+04,-9.03E+02,-1.48E+01,-1.86E+02,1.85E+00,3.06E-01
7.23E+01,1.67E+03,6.86E+01,2.03E+00,3.25E+02,3.71E+04,-9.15E+02,-1.48E+01,-1.87E+02,1.84E+00,2.99E-01
7.23E+01,1.69E+03,6.84E+01,2.08E+00,3.26E+02,3.75E+04,-9.41E+02,-1.49E+01,-1.87E+02,1.94E+00,2.73E-01
7.22E+01,1.67E+03,6.85E+01,2.02E+00,3.24E+02,3.70E+04,-9.02E+02,-1.48E+01,-1.86E+02,1.85E+00,3.07E-01
7.22E+01,1.67E+03,6.85E+01,2.02E+00,3.24E+02,3.70E+04,-9.03E+02,-1.48E+01,-1.86E+02,1.85E+00,3.06E-01
7.23E+01,1.67E+03,6.86E+01,2.02E+00,3.24E+02,3.71E+04,-9.07E+02,-1.48E+01,-1.86E+02,1.86E+00,3.07E-01
7.23E+01,1.69E+03,6.84E+01,2.08E+00,3.26E+02,3.75E+04,-9.41E+02,-1.49E+01,-1.87E+02,1.94E+00,2.73E-01
7.22E+01,1.67E+03,6.85E+01,2.02E+00,3.24E+02,3.70E+04,-9.02E+02,-1.48E+01,-1.86E+02,1.85E+00,3.07E-01
7.22E+01,1.67E+03,6.85E+01,2.02E+00,3.24E+02,3.70E+04,-9.04E+02,-1.48E+01,-1.86E+02,1.85E+00,3.02E-01
7.22E+01,1.67E+03,6.86E+01,2.02E+00,3.24E+02,3.71E+04,-9.07E+02,-1.48E+01,-1.86E+02,1.85E+00,3.08E-01
7.23E+01,1.67E+03,6.85E+01,2.03E+00,3.26E+02,3.72E+04,-9.26E+02,-1.48E+01,-1.87E+02,1.83E+00,2.75E-01
7.22E+01,1.67E+03,6.85E+01,2.02E+00,3.24E+02,3.70E+04,-9.02E+02,-1.48E+01,-1.86E+02,1.85E+00,3.03E-01
7.22E+01,1.67E+03,6.85E+01,2.02E+00,3.24E+02,3.70E+04,-9.03E+02,-1.48E+01,-1.86E+02,1.85E+00,3.08E-01
7.23E+01,1.67E+03,6.85E+01,2.02E+00,3.24E+02,3.71E+04,-9.06E+02,-1.48E+01,-1.86E+02,1.85E+00,3.06E-01
7.23E+01,1.67E+03,6.85E+01,2.03E+00,3.26E+02,3.72E+04,-9.26E+02,-1.48E+01,-1.87E+02,1.83E+00,2.75E-01
7.22E+01,1.67E+03,6.85E+01,2.02E+00,3.24E+02,3.70E+04,-9.02E+02,-1.48E+01,-1.86E+02,1.85E+00,3.03E-01
7.22E+01,1.67E+03,6.85E+01,2.02E+00,3.24E+02,3.70E+04,-9.03E+02,-1.48E+01,-1.86E+02,1.85E+00,3.08E-01
7.23E+01,1.67E+03,6.85E+01,2.03E+00,3.26E+02,3.72E+04,-9.26E+02,-1.48E+01,-1.87E+02,1.83E+00,2.75E-01
7.28E+01,1.72E+03,7.08E+01,2.09E+00,3.47E+02,3.82E+04,-1.01E+03,-1.54E+01,-1.87E+02,1.92E+00,2.74E-01
7.22E+01,1.67E+03,6.85E+01,2.02E+00,3.24E+02,3.70E+04,-9.02E+02,-1.48E+01,-1.86E+02,1.85E+00,3.03E-01
7.23E+01,1.67E+03,6.86E+01,2.02E+00,3.25E+02,3.71E+04,-9.12E+02,-1.48E+01,-1.87E+02,1.85E+00,2.98E-01
7.23E+01,1.67E+03,6.85E+01,2.03E+00,3.26E+02,3.72E+04,-9.26E+02,-1.48E+01,-1.87E+02,1.83E+00,2.75E-01
7.28E+01,1.72E+03,7.08E+01,2.09E+00,3.47E+02,3.82E+04,-1.01E+03,-1.54E+01,-1.87E+02,1.92E+00,2.74E-01
7.22E+01,1.67E+03,6.85E+01,2.02E+00,3.24E+02,3.70E+04,-9.02E+02,-1.48E+01,-1.86E+02,1.85E+00,3.03E-01
7.23E+01,1.67E+03,6.86E+01,2.02E+00,3.25E+02,3.71E+04,-9.12E+02,-1.48E+01,-1.87E+02,1.85E+00,2.98E-01
7.23E+01,1.67E+03,6.85E+01,2.03E+00,3.26E+02,3.72E+04,-9.26E+02,-1.48E+01,-1.87E+02,1.83E+00,2.75E-01
7.28E+01,1.72E+03,7.07E+01,2.09E+00,3.46E+02,3.82E+04,-1.01E+03,-1.54E+01,-1.87E+02,1.92E+00,2.75E-01
7.22E+01,1.67E+03,6.85E+01,2.02E+00,3.24E+02,3.70E+04,-9.02E+02,-1.48E+01,-1.86E+02,1.85E+00,3.03E-01
7.23E+01,1.67E+03,6.86E+01,2.02E+00,3.25E+02,3.71E+04,-9.12E+02,-1.48E+01,-1.87E+02,1.85E+00,2.98E-01
7.23E+01,1.67E+03,6.85E+01,2.03E+00,3.26E+02,3.72E+04,-9.26E+02,-1.48E+01,-1.87E+02,1.83E+00,2.75E-01
7.28E+01,1.72E+03,7.07E+01,2.09E+00,3.46E+02,3.82E+04,-1.01E+03,-1.54E+01,-1.87E+02,1.92E+00,2.75E-01
7.23E+01,1.67E+03,6.86E+01,2.02E+00,3.25E+02,3.71E+04,-9.11E+02,-1.48E+01,-1.87E+02,1.84E+00,2.99E-01
7.23E+01,1.67E+03,6.86E+01,2.02E+00,3.25E+02,3.71E+04,-9.12E+02,-1.48E+01,-1.87E+02,1.85E+00,2.98E-01
7.23E+01,1.67E+03,6.84E+01,2.03E+00,3.26E+02,3.71E+04,-9.21E+02,-1.48E+01,-1.87E+02,1.83E+00,2.78E-01
7.28E+01,1.72E+03,7.07E+01,2.09E+00,3.46E+02,3.82E+04,-1.01E+03,-1.54E+01,-1.87E+02,1.92E+00,2.75E-01
7.22E+01,1.67E+03,6.84E+01,2.02E+00,3.24E+02,3.70E+04,-9.03E+02,-1.48E+01,-1.86E+02,1.85E+00,2.98E-01
7.23E+01,1.67E+03,6.86E+01,2.02E+00,3.25E+02,3.71E+04,-9.11E+02,-1.48E+01,-1.87E+02,1.84E+00,2.99E-01
7.23E+01,1.67E+03,6.84E+01,2.03E+00,3.26E+02,3.71E+04,-9.21E+02,-1.48E+01,-1.87E+02,1.83E+00,2.78E-01
7.28E+01,1.72E+03,7.07E+01,2.09E+00,3.46E+02,3.82E+04,-1.01E+03,-1.54E+01,-1.87E+02,1.92E+00,2.75E-01
7.22E+01,1.67E+03,6.84E+01,2.02E+00,3.24E+02,3.70E+04,-9.03E+02,-1.48E+01,-1.86E+02,1.85E+00,2.98E-01
7.23E+01,1.67E+03,6.86E+01,2.02E+00,3.25E+02,3.71E+04,-9.11E+02,-1.48E+01,-1.87E+02,1.84E+00,2.99E-01
7.23E+01,1.67E+03,6.84E+01,2.03E+00,3.26E+02,3.71E+04,-9.21E+02,-1.48E+01,-1.87E+02,1.83E+00,2.78E-01
7.28E+01,1.72E+03,7.07E+01,2.09E+00,3.46E+02,3.82E+04,-1.01E+03,-1.54E+01,-1.87E+02,1.92E+00,2.75E-01
7.22E+01,1.67E+03,6.84E+01,2.02E+00,3.24E+02,3.70E+04,-9.03E+02,-1.48E+01,-1.86E+02,1.85E+00,2.98E-01
7.23E+01,1.67E+03,6.86E+01,2.02E+00,3.25E+02,3.71E+04,-9.11E+02,-1.48E+01,-1.87E+02,1.84E+00,2.99E-01
7.23E+01,1.67E+03,6.83E+01,2.03E+00,3.26E+02,3.71E+04,-9.21E+02,-1.48E+01,-1.87E+02,1.83E+00,2.68E-01
7.28E+01,1.72E+03,7.07E+01,2.09E+00,3.46E+02,3.82E+04,-1.01E+03,-1.54E+01,-1.87E+02,1.92E+00,2.75E-01
7.22E+01,1.67E+03,6.83E+01,2.02E+00,3.23E+02,3.70E+04,-9.01E+02,-1.48E+01,-1.86E+02,1.85E+00,3.00E-01
7.23E+01,1.67E+03,6.86E+01,2.02E+00,3.25E+02,3.71E+04,-9.11E+02,-1.48E+01,-1.87E+02,1.84E+00,2.99E-01
7.22E+01,1.67E+03,6.81E+01,2.02E+00,3.26E+02,3.71E+04,-9.22E+02,-1.49E+01,-1.87E+02,1.84E+00,2.51E-01
7.28E+01,1.72E+03,7.07E+01,2.09E+00,3.46E+02,3.82E+04,-1.01E+03,-1.54E+01,-1.87E+02,1.92E+00,2.75E-01
7.22E+01,1.67E+03,6.83E+01,2.02E+00,3.23E+02,3.70E+04,-9.01E+02,-1.48E+01,-1.86E+02,1.85E+00,3.00E-01
7.23E+01,1.67E+03,6.86E+01,2.02E+00,3.25E+02,3.71E+04,-9.11E+02,-1.48E+01,-1.87E+02,1.84E+00,2.99E-01
7.22E+01,1.67E+03,6.81E+01,2.02E+00,3.26E+02,3.71E+04,-9.22E+02,-1.49E+01,-1.87E+02,1.84E+00,2.51E-01
7.28E+01,1.72E+03,7.06E+01,2.09E+00,3.46E+02,3.82E+04,-1.01E+03,-1.54E+01,-1.87E+02,1.92E+00,2.67E-01
7.22E+01,1.67E+03,6.83E+01,2.02E+00,3.23E+02,3.70E+04,-9.01E+02,-1.48E+01,-1.86E+02,1.85E+00,3.00E-01
7.23E+01,1.67E+03,6.86E+01,2.02E+00,3.25E+02,3.71E+04,-9.11E+02,-1.48E+01,-1.87E+02,1.84E+00,2.99E-01
7.22E+01,1.67E+03,6.81E+01,2.02E+00,3.26E+02,3.71E+04,-9.22E+02,-1.49E+01,-1.87E+02,1.84E+00,2.51E-01
7.28E+01,1.72E+03,7.04E+01,2.08E+00,3.46E+02,3.82E+04,-1.01E+03,-1.54E+01,-1.87E+02,1.92E+00,2.60E-01
7.22E+01,1.67E+03,6.83E+01,2.02E+00,3.23E+02,3.70E+04,-9.01E+02,-1.48E+01,-1.86E+02,1.85E+00,3.00E-01
7.23E+01,1.67E+03,6.86E+01,2.02E+00,3.25E+02,3.71E+04,-9.11E+02,-1.48E+01,-1.87E+02,1.84E+00,2.99E-01
7.22E+01,1.67E+03,6.81E+01,2.02E+00,3.26E+02,3.71E+04,-9.22E+02,-1.49E+01,-1.87E+02,1.84E+00,2.51E-01
7.28E+01,1.72E+03,7.04E+01,2.08E+00,3.46E+02,3.82E+04,-1.01E+03,-1.54E+01,-1.87E+02,1.92E+00,2.60E-01
7.22E+01,1.67E+03,6.83E+01,2.02E+00,3.23E+02,3.70E+04,-9.01E+02,-1.48E+01,-1.86E+02,1.85E+00,3.00E-01
7.23E+01,1.67E+03,6.86E+01,2.02E+00,3.25E+02,3.71E+04,-9.11E+02,-1.48E+01,-1.87E+02,1.84E+00,2.98E-01
7.22E+01,1.67E+03,6.81E+01,2.02E+00,3.26E+02,3.71E+04,-9.22E+02,-1.49E+01,-1.87E+02,1.84E+00,2.51E-01
7.27E+01,1.72E+03,7.04E+01,2.08E+00,3.46E+02,3.81E+04,-1.00E+03,-1.54E+01,-1.87E+02,1.92E+00,2.49E-01
7.22E+01,1.67E+03,6.83E+01,2.02E+00,3.23E+02,3.70E+04,-9.01E+02,-1.48E+01,-1.86E+02,1.85E+00,3.00E-01
7.23E+01,1.67E+03,6.86E+01,2.02E+00,3.24E+02,3.70E+04,-9.09E+02,-1.48E+01,-1.86E+02,1.85E+00,3.00E-01
7.22E+01,1.67E+03,6.81E+01,2.02E+00,3.26E+02,3.71E+04,-9.22E+02,-1.49E+01,-1.87E+02,1.84E+00,2.51E-01
7.27E+01,1.72E+03,7.04E+01,2.08E+00,3.46E+02,3.81E+04,-1.00E+03,-1.54E+01,-1.87E+02,1.92E+00,2.49E-01
7.22E+01,1.67E+03,6.82E+01,2.01E+00,3.23E+02,3.70E+04,-8.96E+02,-1.48E+01,-1.86E+02,1.85E+00,2.86E-01
7.22E+01,1.67E+03,6.83E+01,2.02E+00,3.23E+02,3.70E+04,-9.01E+02,-1.48E+01,-1.86E+02,1.85E+00,3.00E-01
7.22E+01,1.67E+03,6.81E+01,2.02E+00,3.26E+02,3.71E+04,-9.22E+02,-1.49E+01,-1.87E+02,1.84E+00,2.51E-01
7.27E+01,1.72E+03,7.04E+01,2.08E+00,3.46E+02,3.81E+04,-1.00E+03,-1.54E+01,-1.87E+02,1.92E+00,2.49E-01
7.22E+01,1.66E+03,6.82E+01,2.01E+00,3.23E+02,3.69E+04,-8.94E+02,-1.48E+01,-1.86E+02,1.85E+00,2.87E-01
7.22E+01,1.67E+03,6.83E+01,2.02E+00,3.23E+02,3.70E+04,-9.01E+02,-1.48E+01,-1.86E+02,1.85E+00,3.00E-01
7.22E+01,1.67E+03,6.81E+01,2.02E+00,3.26E+02,3.71E+04,-9.22E+02,-1.49E+01,-1.87E+02,1.84E+00,2.51E-01
7.27E+01,1.72E+03,7.04E+01,2.08E+00,3.46E+02,3.81E+04,-1.00E+03,-1.54E+01,-1.87E+02,1.92E+00,2.49E-01
7.22E+01,1.66E+03,6.82E+01,2.01E+00,3.23E+02,3.69E+04,-8.94E+02,-1.48E+01,-1.86E+02,1.85E+00,2.87E-01
7.22E+01,1.67E+03,6.83E+01,2.02E+00,3.23E+02,3.70E+04,-9.01E+02,-1.48E+01,-1.86E+02,1.85E+00,3.00E-01
7.22E+01,1.67E+03,6.81E+01,2.02E+00,3.26E+02,3.71E+04,-9.22E+02,-1.49E+01,-1.87E+02,1.84E+00,2.51E-01
7.27E+01,1.72E+03,7.04E+01,2.08E+00,3.46E+02,3.81E+04,-1.00E+03,-1.54E+01,-1.87E+02,1.92E+00,2.49E-01
7.22E+01,1.66E+03,6.82E+01,2.01E+00,3.23E+02,3.69E+04,-8.94E+02,-1.48E+01,-1.86E+02,1.85E+00,2.87E-01
7.22E+01,1.67E+03,6.83E+01,2.02E+00,3.23E+02,3.70E+04,-9.01E+02,-1.48E+01,-1.86E+02,1.85E+00,3.00E-01
7.22E+01,1.67E+03,6.81E+01,2.02E+00,3.26E+02,3.71E+04,-9.22E+02,-1.49E+01,-1.87E+02,1.84E+00,2.51E-01
7.27E+01,1.71E+03,7.02E+01,2.08E+00,3.43E+02,3.81E+04,-9.94E+02,-1.54E+01,-1.88E+02,1.89E+00,2.27E-01
7.21E+01,1.66E+03,6.77E+01,2.02E+00,3.21E+02,3.69E+04,-8.92E+02,-1.49E+01,-1.87E+02,1.82E+00,2.50E-01
7.22E+01,1.67E+03,6.82E+01,2.02E+00,3.23E+02,3.70E+04,-8.96E+02,-1.48E+01,-1.86E+02,1.85E+00,2.85E-01
7.22E+01,1.67E+03,6.81E+01,2.02E+00,3.26E+02,3.71E+04,-9.22E+02,-1.49E+01,-1.87E+02,1.84E+00,2.51E-01
7.27E+01,1.71E+03,7.02E+01,2.08E+00,3.43E+02,3.81E+04,-9.94E+02,-1.54E+01,-1.88E+02,1.89E+00,2.27E-01
7.21E+01,1.66E+03,6.77E+01,2.01E+00,3.18E+02,3.68E+04,-8.67E+02,-1.48E+01,-1.86E+02,1.84E+00,2.82E-01
7.21E+01,1.66E+03,6.77E+01,2.02E+00,3.21E+02,3.69E+04,-8.92E+02,-1.49E+01,-1.87E+02,1.82E+00,2.50E-01
7.22E+01,1.67E+03,6.81E+01,2.02E+00,3.26E+02,3.71E+04,-9.22E+02,-1.49E+01,-1.87E+02,1.84E+00,2.51E-01
7.21E+01,1.66E+03,6.77E+01,2.01E+00,3.18E+02,3.68E+04,-8.67E+02,-1.48E+01,-1.86E+02,1.84E+00,2.82E-01
7.21E+01,1.66E+03,6.77E+01,2.02E+00,3.19E+02,3.68E+04,-8.72E+02,-1.49E+01,-1.86E+02,1.84E+00,2.79E-01
7.21E+01,1.66E+03,6.77E+01,2.02E+00,3.21E+02,3.69E+04,-8.93E+02,-1.48E+01,-1.87E+02,1.82E+00,2.48E-01
7.27E+01,1.72E+03,7.04E+01,2.08E+00,3.46E+02,3.82E+04,-1.02E+03,-1.53E+01,-1.88E+02,1.90E+00,2.31E-01
7.21E+01,1.66E+03,6.77E+01,2.01E+00,3.18E+02,3.68E+04,-8.67E+02,-1.48E+01,-1.86E+02,1.84E+00,2.82E-01
7.21E+01,1.66E+03,6.77E+01,2.02E+00,3.19E+02,3.68E+04,-8.72E+02,-1.49E+01,-1.86E+02,1.84E+00,2.79E-01
7.20E+01,1.69E+03,7.05E+01,2.02E+00,3.35E+02,3.75E+04,-9.62E+02,-1.50E+01,-1.87E+02,1.88E+00,2.90E-01
7.21E+01,1.66E+03,6.77E+01,2.01E+00,3.18E+02,3.68E+04,-8.67E+02,-1.48E+01,-1.86E+02,1.84E+00,2.82E-01
7.21E+01,1.66E+03,6.76E+01,2.02E+00,3.18E+02,3.68E+04,-8.70E+02,-1.49E+01,-1.86E+02,1.84E+00,2.79E-01
7.22E+01,1.67E+03,6.81E+01,2.02E+00,3.23E+02,3.70E+04,-8.97E+02,-1.48E+01,-1.86E+02,1.85E+00,2.83E-01
7.19E+01,1.68E+03,7.00E+01,2.02E+00,3.30E+02,3.73E+04,-9.34E+02,-1.51E+01,-1.87E+02,1.87E+00,2.84E-01
7.21E+01,1.65E+03,6.74E+01,2.01E+00,3.17E+02,3.67E+04,-8.59E+02,-1.48E+01,-1.86E+02,1.84E+00,2.79E-01
7.21E+01,1.66E+03,6.77E+01,2.01E+00,3.18E+02,3.68E+04,-8.67E+02,-1.48E+01,-1.86E+02,1.84E+00,2.82E-01
7.21E+01,1.66E+03,6.76E+01,2.02E+00,3.18E+02,3.68E+04,-8.70E+02,-1.49E+01,-1.86E+02,1.84E+00,2.79E-01
7.22E+01,1.67E+03,6.81E+01,2.02E+00,3.23E+02,3.70E+04,-8.97E+02,-1.48E+01,-1.86E+02,1.85E+00,2.83E-01
7.19E+01,1.65E+03,6.75E+01,2.02E+00,3.18E+02,3.67E+04,-8.50E+02,-1.47E+01,-1.86E+02,1.89E+00,2.78E-01
7.21E+01,1.65E+03,6.74E+01,2.01E+00,3.17E+02,3.67E+04,-8.59E+02,-1.48E+01,-1.86E+02,1.84E+00,2.79E-01
7.21E+01,1.66E+03,6.76E+01,2.02E+00,3.18E+02,3.68E+04,-8.70E+02,-1.49E+01,-1.86E+02,1.84E+00,2.79E-01
7.19E+01,1.65E+03,6.74E+01,2.02E+00,3.18E+02,3.67E+04,-8.51E+02,-1.47E+01,-1.86E+02,1.89E+00,2.75E-01
7.21E+01,1.65E+03,6.74E+01,2.01E+00,3.16E+02,3.67E+04,-8.57E+02,-1.48E+01,-1.86E+02,1.84E+00,2.80E-01
7.21E+01,1.66E+03,6.76E+01,2.02E+00,3.18E+02,3.68E+04,-8.69E+02,-1.49E+01,-1.86E+02,1.84E+00,2.80E-01
7.19E+01,1.65E+03,6.72E+01,2.02E+00,3.16E+02,3.67E+04,-8.46E+02,-1.47E+01,-1.86E+02,1.89E+00,2.70E-01
7.19E+01,1.65E+03,6.74E+01,2.02E+00,3.18E+02,3.67E+04,-8.51E+02,-1.47E+01,-1.86E+02,1.89E+00,2.75E-01
7.21E+01,1.65E+03,6.74E+01,2.01E+00,3.16E+02,3.67E+04,-8.57E+02,-1.48E+01,-1.86E+02,1.84E+00,2.80E-01
7.19E+01,1.65E+03,6.72E+01,2.02E+00,3.16E+02,3.67E+04,-8.46E+02,-1.47E+01,-1.86E+02,1.89E+00,2.70E-01
7.19E+01,1.65E+03,6.74E+01,2.02E+00,3.17E+02,3.67E+04,-8.50E+02,-1.47E+01,-1.86E+02,1.88E+00,2.75E-01
7.19E+01,1.65E+03,6.74E+01,2.02E+00,3.18E+02,3.67E+04,-8.51E+02,-1.47E+01,-1.86E+02,1.89E+00,2.75E-01
7.21E+01,1.65E+03,6.74E+01,2.01E+00,3.16E+02,3.67E+04,-8.57E+02,-1.48E+01,-1.86E+02,1.84E+00,2.80E-01
7.19E+01,1.65E+03,6.72E+01,2.02E+00,3.16E+02,3.67E+04,-8.46E+02,-1.47E+01,-1.86E+02,1.89E+00,2.70E-01
7.19E+01,1.65E+03,6.74E+01,2.02E+00,3.17E+02,3.67E+04,-8.50E+02,-1.47E+01,-1.86E+02,1.88E+00,2.75E-01
7.19E+01,1.65E+03,6.74E+01,2.02E+00,3.18E+02,3.67E+04,-8.51E+02,-1.47E+01,-1.86E+02,1.89E+00,2.75E-01
7.21E+01,1.65E+03,6.74E+01,2.01E+00,3.16E+02,3.67E+04,-8.57E+02,-1.48E+01,-1.86E+02,1.84E+00,2.80E-01
7.19E+01,1.65E+03,6.72E+01,2.02E+00,3.16E+02,3.67E+04,-8.46E+02,-1.47E+01,-1.86E+02,1.89E+00,2.70E-01
7.19E+01,1.65E+03,6.74E+01,2.02E+00,3.17E+02,3.67E+04,-8.50E+02,-1.47E+01,-1.86E+02,1.88E+00,2.75E-01
7.19E+01,1.65E+03,6.74E+01,2.02E+00,3.18E+02,3.67E+04,-8.51E+02,-1.47E+01,-1.86E+02,1.89E+00,2.75E-01
7.21E+01,1.65E+03,6.73E+01,2.01E+00,3.16E+02,3.67E+04,-8.55E+02,-1.48E+01,-1.86E+02,1.84E+00,2.76E-01
7.20E+01,1.65E+03,6.72E+01,2.02E+00,3.16E+02,3.66E+04,-8.41E+02,-1.47E+01,-1.86E+02,1.88E+00,2.83E-01
7.19E+01,1.65E+03,6.72E+01,2.02E+00,3.16E+02,3.67E+04,-8.46E+02,-1.47E+01,-1.86E+02,1.89E+00,2.70E-01
7.20E+01,1.65E+03,6.72E+01,2.02E+00,3.16E+02,3.66E+04,-8.41E+02,-1.47E+01,-1.86E+02,1.88E+00,2.83E-01
7.20E+01,1.65E+03,6.72E+01,2.02E+00,3.16E+02,3.66E+04,-8.41E+02,-1.47E+01,-1.86E+02,1.88E+00,2.83E-01
7.19E+01,1.65E+03,6.72E+01,2.02E+00,3.16E+02,3.67E+04,-8.46E+02,-1.47E+01,-1.86E+02,1.89E+00,2.70E-01
7.20E+01,1.64E+03,6.72E+01,2.02E+00,3.15E+02,3.66E+04,-8.37E+02,-1.47E+01,-1.86E+02,1.88E+00,2.90E-01
7.20E+01,1.65E+03,6.72E+01,2.02E+00,3.15E+02,3.66E+04,-8.38E+02,-1.47E+01,-1.86E+02,1.89E+00,2.88E-01
7.20E+01,1.65E+03,6.72E+01,2.02E+00,3.16E+02,3.66E+04,-8.41E+02,-1.47E+01,-1.86E+02,1.88E+00,2.83E-01
7.18E+01,1.64E+03,6.71E+01,2.03E+00,3.15E+02,3.65E+04,-8.18E+02,-1.46E+01,-1.86E+02,1.92E+00,2.78E-01
7.20E+01,1.64E+03,6.73E+01,2.02E+00,3.15E+02,3.66E+04,-8.37E+02,-1.47E+01,-1.86E+02,1.88E+00,2.95E-01
7.20E+01,1.65E+03,6.72E+01,2.02E+00,3.16E+02,3.66E+04,-8.41E+02,-1.47E+01,-1.86E+02,1.88E+00,2.83E-01
7.18E+01,1.64E+03,6.71E+01,2.03E+00,3.14E+02,3.65E+04,-8.14E+02,-1.46E+01,-1.86E+02,1.92E+00,2.86E-01
7.18E+01,1.64E+03,6.71E+01,2.03E+00,3.15E+02,3.65E+04,-8.18E+02,-1.46E+01,-1.86E+02,1.92E+00,2.78E-01
7.20E+01,1.64E+03,6.73E+01,2.02E+00,3.15E+02,3.66E+04,-8.37E+02,-1.47E+01,-1.86E+02,1.88E+00,2.95E-01
7.20E+01,1.65E+03,6.72E+01,2.02E+00,3.17E+02,3.67E+04,-8.55E+02,-1.47E+01,-1.86E+02,1.91E+00,2.62E-01
7.18E+01,1.64E+03,6.71E+01,2.03E+00,3.14E+02,3.65E+04,-8.14E+02,-1.46E+01,-1.86E+02,1.92E+00,2.86E-01
7.19E+01,1.64E+03,6.71E+01,2.03E+00,3.14E+02,3.65E+04,-8.17E+02,-1.46E+01,-1.86E+02,1.92E+00,2.86E-01
7.20E+01,1.64E+03,6.73E+01,2.02E+00,3.15E+02,3.66E+04,-8.37E+02,-1.47E+01,-1.86E+02,1.88E+00,2.95E-01
7.18E+01,1.64E+03,6.70E+01,2.03E+00,3.13E+02,3.65E+04,-8.01E+02,-1.45E+01,-1.86E+02,1.93E+00,2.95E-01
7.18E+01,1.64E+03,6.71E+01,2.03E+00,3.14E+02,3.65E+04,-8.14E+02,-1.46E+01,-1.86E+02,1.92E+00,2.86E-01
7.20E+01,1.64E+03,6.72E+01,2.02E+00,3.15E+02,3.66E+04,-8.37E+02,-1.47E+01,-1.86E+02,1.88E+00,2.94E-01
7.18E+01,1.63E+03,6.67E+01,2.04E+00,3.12E+02,3.64E+04,-7.90E+02,-1.46E+01,-1.86E+02,1.94E+00,2.88E-01
7.18E+01,1.64E+03,6.70E+01,2.03E+00,3.13E+02,3.65E+04,-8.01E+02,-1.45E+01,-1.86E+02,1.93E+00,2.95E-01
7.20E+01,1.64E+03,6.72E+01,2.02E+00,3.15E+02,3.66E+04,-8.37E+02,-1.47E+01,-1.86E+02,1.88E+00,2.94E-01
7.17E+01,1.62E+03,6.66E+01,2.03E+00,3.08E+02,3.62E+04,-7.73E+02,-1.45E+01,-1.86E+02,1.93E+00,2.92E-01
7.18E+01,1.63E+03,6.66E+01,2.04E+00,3.12E+02,3.64E+04,-7.90E+02,-1.46E+01,-1.86E+02,1.94E+00,2.87E-01
7.17E+01,1.62E+03,6.66E+01,2.03E+00,3.08E+02,3.62E+04,-7.73E+02,-1.45E+01,-1.86E+02,1.93E+00,2.92E-01
7.18E+01,1.63E+03,6.66E+01,2.04E+00,3.12E+02,3.64E+04,-7.90E+02,-1.46E+01,-1.86E+02,1.94E+00,2.87E-01
7.16E+01,1.62E+03,6.62E+01,2.03E+00,3.06E+02,3.61E+04,-7.62E+02,-1.46E+01,-1.85E+02,1.94E+00,2.91E-01
7.17E+01,1.62E+03,6.66E+01,2.03E+00,3.08E+02,3.62E+04,-7.73E+02,-1.45E+01,-1.86E+02,1.93E+00,2.92E-01
7.18E+01,1.63E+03,6.66E+01,2.04E+00,3.12E+02,3.64E+04,-7.90E+02,-1.46E+01,-1.86E+02,1.94E+00,2.87E-01
7.16E+01,1.62E+03,6.62E+01,2.03E+00,3.06E+02,3.61E+04,-7.62E+02,-1.46E+01,-1.85E+02,1.94E+00,2.91E-01
7.17E+01,1.63E+03,6.63E+01,2.03E+00,3.07E+02,3.62E+04,-7.73E+02,-1.46E+01,-1.85E+02,1.93E+00,2.85E-01
7.18E+01,1.63E+03,6.66E+01,2.04E+00,3.11E+02,3.64E+04,-7.89E+02,-1.46E+01,-1.86E+02,1.95E+00,2.93E-01
7.18E+01,1.61E+03,6.56E+01,2.03E+00,2.98E+02,3.59E+04,-7.37E+02,-1.45E+01,-1.85E+02,1.93E+00,2.97E-01
7.16E+01,1.62E+03,6.62E+01,2.03E+00,3.06E+02,3.61E+04,-7.62E+02,-1.46E+01,-1.85E+02,1.94E+00,2.91E-01
7.18E+01,1.61E+03,6.55E+01,2.03E+00,2.98E+02,3.59E+04,-7.36E+02,-1.45E+01,-1.85E+02,1.93E+00,2.96E-01
7.18E+01,1.61E+03,6.56E+01,2.03E+00,2.98E+02,3.59E+04,-7.37E+02,-1.45E+01,-1.85E+02,1.93E+00,2.97E-01
7.16E+01,1.62E+03,6.62E+01,2.03E+00,3.06E+02,3.61E+04,-7.62E+02,-1.46E+01,-1.85E+02,1.94E+00,2.91E-01
7.18E+01,1.61E+03,6.55E+01,2.03E+00,2.98E+02,3.59E+04,-7.36E+02,-1.45E+01,-1.85E+02,1.93E+00,2.96E-01
7.18E+01,1.61E+03,6.56E+01,2.03E+00,2.98E+02,3.59E+04,-7.37E+02,-1.45E+01,-1.85E+02,1.93E+00,2.97E-01
7.16E+01,1.62E+03,6.62E+01,2.03E+00,3.06E+02,3.61E+04,-7.62E+02,-1.46E+01,-1.85E+02,1.94E+00,2.91E-01
7.18E+01,1.61E+03,6.55E+01,2.03E+00,2.97E+02,3.58E+04,-7.34E+02,-1.45E+01,-1.85E+02,1.93E+00,2.96E-01
7.18E+01,1.61E+03,6.55E+01,2.03E+00,2.98E+02,3.59E+04,-7.35E+02,-1.45E+01,-1.85E+02,1.93E+00,2.97E-01
7.18E+01,1.61E+03,6.56E+01,2.03E+00,2.98E+02,3.59E+04,-7.37E+02,-1.45E+01,-1.85E+02,1.93E+00,2.97E-01
7.16E+01,1.62E+03,6.62E+01,2.03E+00,3.06E+02,3.61E+04,-7.62E+02,-1.46E+01,-1.85E+02,1.94E+00,2.91E-01
7.18E+01,1.61E+03,6.55E+01,2.03E+00,2.97E+02,3.58E+04,-7.34E+02,-1.45E+01,-1.85E+02,1.93E+00,2.96E-01
7.18E+01,1.61E+03,6.55E+01,2.03E+00,2.98E+02,3.59E+04,-7.36E+02,-1.45E+01,-1.85E+02,1.93E+00,2.93E-01
7.18E+01,1.61E+03,6.55E+01,2.03E+00,2.98E+02,3.59E+04,-7.37E+02,-1.45E+01,-1.85E+02,1.93E+00,2.96E-01
7.16E+01,1.62E+03,6.60E+01,2.03E+00,3.05E+02,3.61E+04,-7.60E+02,-1.46E+01,-1.85E+02,1.94E+00,2.80E-01
7.18E+01,1.61E+03,6.55E+01,2.03E+00,2.97E+02,3.58E+04,-7.34E+02,-1.45E+01,-1.85E+02,1.93E+00,2.94E-01
7.18E+01,1.61E+03,6.55E+01,2.03E+00,2.97E+02,3.58E+04,-7.34E+02,-1.45E+01,-1.85E+02,1.93E+00,2.96E-01
7.18E+01,1.61E+03,6.56E+01,2.03E+00,2.98E+02,3.59E+04,-7.36E+02,-1.45E+01,-1.85E+02,1.93E+00,2.97E-01
7.16E+01,1.62E+03,6.60E+01,2.03E+00,3.05E+02,3.61E+04,-7.60E+02,-1.46E+01,-1.85E+02,1.94E+00,2.80E-01
7.18E+01,1.60E+03,6.53E+01,2.03E+00,2.97E+02,3.58E+04,-7.33E+02,-1.45E+01,-1.85E+02,1.93E+00,2.88E-01
7.18E+01,1.61E+03,6.55E+01,2.03E+00,2.97E+02,3.58E+04,-7.34E+02,-1.45E+01,-1.85E+02,1.93E+00,2.94E-01
7.18E+01,1.61E+03,6.55E+01,2.03E+00,2.97E+02,3.58E+04,-7.34E+02,-1.45E+01,-1.85E+02,1.93E+00,2.96E-01
7.16E+01,1.62E+03,6.60E+01,2.03E+00,3.05E+02,3.61E+04,-7.60E+02,-1.46E+01,-1.85E+02,1.94E+00,2.80E-01
7.18E+01,1.60E+03,6.53E+01,2.03E+00,2.97E+02,3.58E+04,-7.33E+02,-1.45E+01,-1.85E+02,1.93E+00,2.85E-01
7.18E+01,1.60E+03,6.53E+01,2.03E+00,2.97E+02,3.58E+04,-7.33E+02,-1.45E+01,-1.85E+02,1.93E+00,2.88E-01
7.18E+01,1.61E+03,6.54E+01,2.03E+00,2.97E+02,3.58E+04,-7.34E+02,-1.45E+01,-1.84E+02,1.93E+00,2.91E-01
7.16E+01,1.62E+03,6.61E+01,2.03E+00,3.05E+02,3.61E+04,-7.57E+02,-1.46E+01,-1.85E+02,1.94E+00,2.83E-01
7.18E+01,1.60E+03,6.53E+01,2.03E+00,2.97E+02,3.58E+04,-7.33E+02,-1.45E+01,-1.85E+02,1.93E+00,2.85E-01
7.18E+01,1.60E+03,6.53E+01,2.03E+00,2.97E+02,3.58E+04,-7.33E+02,-1.45E+01,-1.85E+02,1.93E+00,2.88E-01
7.18E+01,1.61E+03,6.54E+01,2.03E+00,2.97E+02,3.58E+04,-7.33E+02,-1.45E+01,-1.84E+02,1.93E+00,2.90E-01
7.16E+01,1.62E+03,6.61E+01,2.03E+00,3.05E+02,3.61E+04,-7.57E+02,-1.46E+01,-1.85E+02,1.94E+00,2.83E-01
7.18E+01,1.60E+03,6.52E+01,2.03E+00,2.97E+02,3.58E+04,-7.32E+02,-1.45E+01,-1.84E+02,1.93E+00,2.81E-01
7.18E+01,1.60E+03,6.53E+01,2.03E+00,2.97E+02,3.58E+04,-7.33E+02,-1.45E+01,-1.85E+02,1.93E+00,2.85E-01
7.18E+01,1.61E+03,6.54E+01,2.03E+00,2.97E+02,3.58E+04,-7.33E+02,-1.45E+01,-1.84E+02,1.93E+00,2.90E-01
7.16E+01,1.62E+03,6.59E+01,2.03E+00,3.05E+02,3.61E+04,-7.56E+02,-1.46E+01,-1.85E+02,1.94E+00,2.72E-01
7.18E+01,1.60E+03,6.52E+01,2.03E+00,2.97E+02,3.58E+04,-7.32E+02,-1.45E+01,-1.84E+02,1.93E+00,2.81E-01
7.18E+01,1.60E+03,6.53E+01,2.03E+00,2.97E+02,3.58E+04,-7.33E+02,-1.45E+01,-1.85E+02,1.93E+00,2.85E-01
7.17E+01,1.60E+03,6.53E+01,2.03E+00,2.97E+02,3.58E+04,-7.35E+02,-1.45E+01,-1.84E+02,1.93E+00,2.62E-01
7.16E+01,1.62E+03,6.59E+01,2.03E+00,3.05E+02,3.61E+04,-7.55E+02,-1.46E+01,-1.85E+02,1.93E+00,2.73E-01
7.18E+01,1.60E+03,6.53E+01,2.03E+00,2.96E+02,3.58E+04,-7.29E+02,-1.45E+01,-1.84E+02,1.93E+00,2.91E-01
7.18E+01,1.60E+03,6.52E+01,2.03E+00,2.97E+02,3.58E+04,-7.32E+02,-1.45E+01,-1.84E+02,1.93E+00,2.81E-01
7.17E+01,1.60E+03,6.53E+01,2.03E+00,2.97E+02,3.58E+04,-7.34E+02,-1.45E+01,-1.84E+02,1.93E+00,2.63E-01
7.16E+01,1.62E+03,6.58E+01,2.03E+00,3.05E+02,3.61E+04,-7.59E+02,-1.46E+01,-1.85E+02,1.93E+00,2.59E-01
7.18E+01,1.60E+03,6.52E+01,2.02E+00,2.97E+02,3.58E+04,-7.30E+02,-1.45E+01,-1.84E+02,1.93E+00,2.75E-01
7.18E+01,1.60E+03,6.53E+01,2.03E+00,2.96E+02,3.58E+04,-7.29E+02,-1.45E+01,-1.84E+02,1.93E+00,2.91E-01
7.17E+01,1.60E+03,6.52E+01,2.02E+00,2.97E+02,3.58E+04,-7.32E+02,-1.45E+01,-1.84E+02,1.93E+00,2.69E-01
7.16E+01,1.62E+03,6.58E+01,2.03E+00,3.05E+02,3.61E+04,-7.59E+02,-1.46E+01,-1.85E+02,1.93E+00,2.59E-01
7.18E+01,1.60E+03,6.52E+01,2.02E+00,2.97E+02,3.58E+04,-7.30E+02,-1.45E+01,-1.84E+02,1.93E+00,2.75E-01
7.18E+01,1.60E+03,6.52E+01,2.02E+00,2.97E+02,3.58E+04,-7.34E+02,-1.45E+01,-1.84E+02,1.93E+00,2.70E-01
7.18E+01,1.61E+03,6.55E+01,2.03E+00,2.97E+02,3.58E+04,-7.32E+02,-1.45E+01,-1.85E+02,1.93E+00,3.04E-01
7.16E+01,1.62E+03,6.58E+01,2.03E+00,3.05E+02,3.61E+04,-7.59E+02,-1.46E+01,-1.85E+02,1.93E+00,2.59E-01
7.18E+01,1.60E+03,6.52E+01,2.02E+00,2.97E+02,3.58E+04,-7.30E+02,-1.45E+01,-1.84E+02,1.93E+00,2.75E-01
7.18E+01,1.60E+03,6.53E+01,2.02E+00,2.97E+02,3.58E+04,-7.33E+02,-1.45E+01,-1.84E+02,1.93E+00,2.75E-01
7.18E+01,1.60E+03,6.52E+01,2.03E+00,2.97E+02,3.58E+04,-7.33E+02,-1.45E+01,-1.84E+02,1.93E+00,2.79E-01
7.16E+01,1.62E+03,6.55E+01,2.03E+00,3.04E+02,3.60E+04,-7.54E+02,-1.46E+01,-1.85E+02,1.93E+00,2.45E-01
7.18E+01,1.60E+03,6.52E+01,2.02E+00,2.96E+02,3.57E+04,-7.30E+02,-1.45E+01,-1.84E+02,1.93E+00,2.81E-01
7.18E+01,1.60E+03,6.52E+01,2.02E+00,2.97E+02,3.58E+04,-7.30E+02,-1.45E+01,-1.84E+02,1.93E+00,2.75E-01
7.18E+01,1.60E+03,6.53E+01,2.02E+00,2.97E+02,3.58E+04,-7.33E+02,-1.45E+01,-1.84E+02,1.93E+00,2.75E-01
7.18E+01,1.61E+03,6.54E+01,2.02E+00,2.98E+02,3.58E+04,-7.38E+02,-1.45E+01,-1.84E+02,1.93E+00,2.76E-01
7.18E+01,1.60E+03,6.52E+01,2.02E+00,2.96E+02,3.57E+04,-7.30E+02,-1.45E+01,-1.84E+02,1.93E+00,2.81E-01
7.18E+01,1.60E+03,6.52E+01,2.02E+00,2.97E+02,3.58E+04,-7.30E+02,-1.45E+01,-1.84E+02,1.93E+00,2.75E-01
7.18E+01,1.60E+03,6.53E+01,2.02E+00,2.97E+02,3.58E+04,-7.33E+02,-1.45E+01,-1.84E+02,1.93E+00,2.75E-01
7.18E+01,1.61E+03,6.54E+01,2.02E+00,2.98E+02,3.58E+04,-7.38E+02,-1.45E+01,-1.84E+02,1.93E+00,2.76E-01
7.18E+01,1.60E+03,6.51E+01,2.02E+00,2.96E+02,3.57E+04,-7.29E+02,-1.45E+01,-1.84E+02,1.93E+00,2.79E-01
7.18E+01,1.60E+03,6.52E+01,2.02E+00,2.96E+02,3.57E+04,-7.30E+02,-1.45E+01,-1.84E+02,1.93E+00,2.81E-01
7.18E+01,1.60E+03,6.52E+01,2.02E+00,2.97E+02,3.58E+04,-7.30E+02,-1.45E+01,-1.84E+02,1.93E+00,2.75E-01
7.18E+01,1.60E+03,6.53E+01,2.02E+00,2.97E+02,3.58E+04,-7.33E+02,-1.45E+01,-1.84E+02,1.93E+00,2.75E-01
7.18E+01,1.60E+03,6.51E+01,2.02E+00,2.96E+02,3.57E+04,-7.29E+02,-1.45E+01,-1.84E+02,1.93E+00,2.79E-01
7.18E+01,1.60E+03,6.52E+01,2.02E+00,2.96E+02,3.57E+04,-7.30E+02,-1.45E+01,-1.84E+02,1.93E+00,2.80E-01
7.18E+01,1.60E+03,6.52E+01,2.02E+00,2.97E+02,3.58E+04,-7.30E+02,-1.45E+01,-1.84E+02,1.93E+00,2.75E-01
7.19E+01,1.61E+03,6.54E+01,2.02E+00,2.99E+02,3.59E+04,-7.43E+02,-1.45E+01,-1.85E+02,1.97E+00,2.45E-01
7.18E+01,1.60E+03,6.50E+01,2.02E+00,2.96E+02,3.57E+04,-7.25E+02,-1.45E+01,-1.84E+02,1.93E+00,2.78E-01
7.18E+01,1.60E+03,6.51E+01,2.02E+00,2.96E+02,3.57E+04,-7.29E+02,-1.45E+01,-1.84E+02,1.93E+00,2.79E-01
7.18E+01,1.60E+03,6.53E+01,2.02E+00,2.97E+02,3.58E+04,-7.34E+02,-1.45E+01,-1.84E+02,1.93E+00,2.76E-01
7.18E+01,1.60E+03,6.50E+01,2.02E+00,2.96E+02,3.57E+04,-7.25E+02,-1.45E+01,-1.84E+02,1.93E+00,2.78E-01
7.18E+01,1.60E+03,6.51E+01,2.02E+00,2.96E+02,3.57E+04,-7.29E+02,-1.45E+01,-1.84E+02,1.93E+00,2.79E-01
7.18E+01,1.60E+03,6.50E+01,2.02E+00,2.96E+02,3.57E+04,-7.25E+02,-1.45E+01,-1.84E+02,1.93E+00,2.78E-01
7.18E+01,1.60E+03,6.50E+01,2.02E+00,2.95E+02,3.57E+04,-7.25E+02,-1.45E+01,-1.84E+02,1.93E+00,2.76E-01
7.18E+01,1.60E+03,6.51E+01,2.02E+00,2.96E+02,3.57E+04,-7.28E+02,-1.45E+01,-1.84E+02,1.92E+00,2.80E-01
7.18E+01,1.60E+03,6.50E+01,2.02E+00,2.95E+02,3.57E+04,-7.24E+02,-1.45E+01,-1.84E+02,1.93E+00,2.77E-01
7.18E+01,1.60E+03,6.50E+01,2.02E+00,2.96E+02,3.57E+04,-7.25E+02,-1.45E+01,-1.84E+02,1.93E+00,2.78E-01
7.18E+01,1.60E+03,6.51E+01,2.02E+00,2.96E+02,3.57E+04,-7.28E+02,-1.45E+01,-1.84E+02,1.92E+00,2.80E-01
7.19E+01,1.61E+03,6.52E+01,2.02E+00,2.97E+02,3.58E+04,-7.38E+02,-1.45E+01,-1.84E+02,1.91E+00,2.79E-01
7.18E+01,1.60E+03,6.50E+01,2.03E+00,2.95E+02,3.57E+04,-7.17E+02,-1.45E+01,-1.84E+02,1.93E+00,2.79E-01
7.18E+01,1.60E+03,6.50E+01,2.02E+00,2.95E+02,3.57E+04,-7.24E+02,-1.45E+01,-1.84E+02,1.93E+00,2.77E-01
7.18E+01,1.60E+03,6.51E+01,2.02E+00,2.96E+02,3.57E+04,-7.28E+02,-1.45E+01,-1.84E+02,1.92E+00,2.80E-01
7.18E+01,1.60E+03,6.50E+01,2.03E+00,2.95E+02,3.57E+04,-7.17E+02,-1.45E+01,-1.84E+02,1.93E+00,2.79E-01
7.18E+01,1.60E+03,6.50E+01,2.02E+00,2.95E+02,3.57E+04,-7.24E+02,-1.45E+01,-1.84E+02,1.93E+00,2.77E-01
7.18E+01,1.60E+03,6.50E+01,2.02E+00,2.96E+02,3.57E+04,-7.25E+02,-1.45E+01,-1.84E+02,1.93E+00,2.78E-01
7.18E+01,1.60E+03,6.50E+01,2.03E+00,2.95E+02,3.57E+04,-7.17E+02,-1.45E+01,-1.84E+02,1.93E+00,2.79E-01
7.18E+01,1.60E+03,6.50E+01,2.02E+00,2.95E+02,3.57E+04,-7.24E+02,-1.45E+01,-1.84E+02,1.93E+00,2.77E-01
7.18E+01,1.60E+03,6.50E+01,2.03E+00,2.95E+02,3.57E+04,-7.16E+02,-1.45E+01,-1.84E+02,1.93E+00,2.77E-01
7.18E+01,1.60E+03,6.50E+01,2.03E+00,2.95E+02,3.57E+04,-7.17E+02,-1.45E+01,-1.84E+02,1.93E+00,2.79E-01
7.18E+01,1.60E+03,6.50E+01,2.02E+00,2.95E+02,3.57E+04,-7.24E+02,-1.45E+01,-1.84E+02,1.93E+00,2.77E-01
7.18E+01,1.60E+03,6.50E+01,2.02E+00,2.94E+02,3.56E+04,-7.11E+02,-1.45E+01,-1.84E+02,1.94E+00,2.88E-01
7.18E+01,1.60E+03,6.50E+01,2.03E+00,2.95E+02,3.57E+04,-7.16E+02,-1.45E+01,-1.84E+02,1.93E+00,2.77E-01
7.18E+01,1.60E+03,6.50E+01,2.03E+00,2.97E+02,3.58E+04,-7.40E+02,-1.45E+01,-1.85E+02,1.90E+00,2.41E-01
7.18E+01,1.60E+03,6.50E+01,2.02E+00,2.94E+02,3.56E+04,-7.11E+02,-1.45E+01,-1.84E+02,1.94E+00,2.88E-01
7.18E+01,1.60E+03,6.50E+01,2.03E+00,2.95E+02,3.57E+04,-7.16E+02,-1.45E+01,-1.84E+02,1.93E+00,2.77E-01
7.19E+01,1.60E+03,6.52E+01,2.02E+00,2.95E+02,3.57E+04,-7.25E+02,-1.45E+01,-1.84E+02,1.93E+00,2.99E-01
7.18E+01,1.60E+03,6.49E+01,2.02E+00,2.94E+02,3.56E+04,-7.08E+02,-1.45E+01,-1.84E+02,1.94E+00,2.90E-01
7.18E+01,1.60E+03,6.49E+01,2.03E+00,2.94E+02,3.56E+04,-7.10E+02,-1.45E+01,-1.84E+02,1.94E+00,2.84E-01
7.18E+01,1.60E+03,6.50E+01,2.02E+00,2.94E+02,3.56E+04,-7.11E+02,-1.45E+01,-1.84E+02,1.94E+00,2.88E-01
7.18E+01,1.60E+03,6.50E+01,2.03E+00,2.95E+02,3.57E+04,-7.16E+02,-1.45E+01,-1.84E+02,1.93E+00,2.77E-01
7.18E+01,1.60E+03,6.49E+01,2.02E+00,2.94E+02,3.56E+04,-7.08E+02,-1.45E+01,-1.84E+02,1.94E+00,2.90E-01
7.18E+01,1.60E+03,6.49E+01,2.02E+00,2.94E+02,3.56E+04,-7.09E+02,-1.45E+01,-1.84E+02,1.94E+00,2.90E-01
7.18E+01,1.60E+03,6.49E+01,2.03E+00,2.94E+02,3.56E+04,-7.10E+02,-1.45E+01,-1.84E+02,1.94E+00,2.84E-01
7.18E+01,1.60E+03,6.50E+01,2.02E+00,2.94E+02,3.56E+04,-7.11E+02,-1.45E+01,-1.84E+02,1.94E+00,2.88E-01
7.18E+01,1.60E+03,6.47E+01,2.03E+00,2.92E+02,3.56E+04,-7.03E+02,-1.45E+01,-1.84E+02,1.93E+00,2.91E-01
7.18E+01,1.60E+03,6.49E+01,2.02E+00,2.94E+02,3.56E+04,-7.08E+02,-1.45E+01,-1.84E+02,1.94E+00,2.90E-01
7.17E+01,1.59E+03,6.47E+01,2.03E+00,2.92E+02,3.56E+04,-7.02E+02,-1.45E+01,-1.84E+02,1.93E+00,2.91E-01
7.18E+01,1.60E+03,6.47E+01,2.03E+00,2.92E+02,3.56E+04,-7.03E+02,-1.45E+01,-1.84E+02,1.93E+00,2.91E-01
7.18E+01,1.60E+03,6.49E+01,2.02E+00,2.94E+02,3.56E+04,-7.08E+02,-1.45E+01,-1.84E+02,1.94E+00,2.90E-01
7.18E+01,1.59E+03,6.46E+01,2.03E+00,2.92E+02,3.56E+04,-7.02E+02,-1.44E+01,-1.84E+02,1.93E+00,2.90E-01
7.18E+01,1.59E+03,6.47E+01,2.03E+00,2.92E+02,3.56E+04,-7.02E+02,-1.45E+01,-1.84E+02,1.93E+00,2.90E-01
7.18E+01,1.60E+03,6.49E+01,2.02E+00,2.94E+02,3.56E+04,-7.08E+02,-1.45E+01,-1.84E+02,1.94E+00,2.90E-01
7.18E+01,1.60E+03,6.50E+01,2.02E+00,2.94E+02,3.56E+04,-7.11E+02,-1.45E+01,-1.84E+02,1.94E+00,2.93E-01
7.18E+01,1.59E+03,6.46E+01,2.03E+00,2.92E+02,3.56E+04,-7.02E+02,-1.44E+01,-1.84E+02,1.93E+00,2.90E-01
7.18E+01,1.59E+03,6.47E+01,2.03E+00,2.92E+02,3.56E+04,-7.02E+02,-1.45E+01,-1.84E+02,1.93E+00,2.90E-01
7.18E+01,1.60E+03,6.48E+01,2.03E+00,2.93E+02,3.56E+04,-7.09E+02,-1.44E+01,-1.84E+02,1.94E+00,2.85E-01
7.18E+01,1.59E+03,6.46E+01,2.03E+00,2.92E+02,3.56E+04,-7.02E+02,-1.44E+01,-1.84E+02,1.93E+00,2.90E-01
7.18E+01,1.59E+03,6.47E+01,2.03E+00,2.92E+02,3.56E+04,-7.02E+02,-1.45E+01,-1.84E+02,1.93E+00,2.90E-01
7.18E+01,1.60E+03,6.48E+01,2.03E+00,2.93E+02,3.56E+04,-7.08E+02,-1.44E+01,-1.84E+02,1.94E+00,2.83E-01
7.18E+01,1.61E+03,6.49E+01,2.04E+00,2.98E+02,3.59E+04,-7.43E+02,-1.44E+01,-1.85E+02,2.02E+00,2.19E-01
7.18E+01,1.59E+03,6.46E+01,2.03E+00,2.92E+02,3.56E+04,-7.02E+02,-1.44E+01,-1.84E+02,1.93E+00,2.90E-01
7.18E+01,1.59E+03,6.47E+01,2.03E+00,2.92E+02,3.56E+04,-7.02E+02,-1.45E+01,-1.84E+02,1.93E+00,2.90E-01
7.18E+01,1.60E+03,6.48E+01,2.03E+00,2.93E+02,3.56E+04,-7.08E+02,-1.44E+01,-1.84E+02,1.94E+00,2.83E-01
7.19E+01,1.60E+03,6.48E+01,2.01E+00,2.94E+02,3.56E+04,-7.27E+02,-1.46E+01,-1.84E+02,1.90E+00,2.88E-01
7.18E+01,1.59E+03,6.47E+01,2.03E+00,2.91E+02,3.55E+04,-7.02E+02,-1.44E+01,-1.84E+02,1.93E+00,3.00E-01
7.18E+01,1.59E+03,6.46E+01,2.03E+00,2.92E+02,3.56E+04,-7.02E+02,-1.44E+01,-1.84E+02,1.93E+00,2.90E-01
7.18E+01,1.59E+03,6.47E+01,2.03E+00,2.92E+02,3.56E+04,-7.02E+02,-1.45E+01,-1.84E+02,1.93E+00,2.90E-01
7.19E+01,1.60E+03,6.48E+01,2.01E+00,2.94E+02,3.56E+04,-7.27E+02,-1.46E+01,-1.84E+02,1.90E+00,2.88E-01
7.16E+01,1.59E+03,6.44E+01,2.04E+00,2.89E+02,3.54E+04,-6.68E+02,-1.43E+01,-1.84E+02,1.95E+00,2.93E-01
7.18E+01,1.59E+03,6.47E+01,2.03E+00,2.91E+02,3.55E+04,-7.02E+02,-1.44E+01,-1.84E+02,1.93E+00,3.00E-01
7.19E+01,1.60E+03,6.48E+01,2.01E+00,2.94E+02,3.56E+04,-7.27E+02,-1.46E+01,-1.84E+02,1.90E+00,2.88E-01
7.16E+01,1.59E+03,6.44E+01,2.04E+00,2.89E+02,3.54E+04,-6.68E+02,-1.43E+01,-1.84E+02,1.95E+00,2.93E-01
7.17E+01,1.59E+03,6.46E+01,2.04E+00,2.89E+02,3.54E+04,-6.71E+02,-1.43E+01,-1.84E+02,1.95E+00,3.06E-01
7.18E+01,1.59E+03,6.47E+01,2.03E+00,2.91E+02,3.55E+04,-7.02E+02,-1.44E+01,-1.84E+02,1.93E+00,3.00E-01
7.16E+01,1.59E+03,6.44E+01,2.04E+00,2.89E+02,3.54E+04,-6.68E+02,-1.43E+01,-1.84E+02,1.95E+00,2.93E-01
7.17E+01,1.58E+03,6.46E+01,2.04E+00,2.89E+02,3.54E+04,-6.70E+02,-1.43E+01,-1.84E+02,1.95E+00,3.09E-01
7.18E+01,1.59E+03,6.47E+01,2.03E+00,2.91E+02,3.55E+04,-7.02E+02,-1.44E+01,-1.84E+02,1.93E+00,3.00E-01
7.16E+01,1.58E+03,6.42E+01,2.04E+00,2.87E+02,3.53E+04,-6.58E+02,-1.43E+01,-1.83E+02,1.95E+00,2.88E-01
7.18E+01,1.58E+03,6.47E+01,2.04E+00,2.88E+02,3.54E+04,-6.69E+02,-1.43E+01,-1.84E+02,1.94E+00,3.26E-01
7.18E+01,1.59E+03,6.47E+01,2.03E+00,2.91E+02,3.55E+04,-7.02E+02,-1.44E+01,-1.84E+02,1.93E+00,3.00E-01
7.16E+01,1.58E+03,6.42E+01,2.04E+00,2.87E+02,3.53E+04,-6.58E+02,-1.43E+01,-1.83E+02,1.95E+00,2.88E-01
7.18E+01,1.58E+03,6.44E+01,2.04E+00,2.87E+02,3.54E+04,-6.59E+02,-1.43E+01,-1.84E+02,1.94E+00,3.25E-01
7.18E+01,1.58E+03,6.47E+01,2.04E+00,2.88E+02,3.54E+04,-6.69E+02,-1.43E+01,-1.84E+02,1.94E+00,3.26E-01
7.18E+01,1.59E+03,6.47E+01,2.03E+00,2.91E+02,3.55E+04,-7.02E+02,-1.44E+01,-1.84E+02,1.93E+00,3.00E-01
7.16E+01,1.58E+03,6.42E+01,2.04E+00,2.87E+02,3.53E+04,-6.59E+02,-1.43E+01,-1.83E+02,1.95E+00,2.87E-01
7.18E+01,1.58E+03,6.44E+01,2.04E+00,2.87E+02,3.54E+04,-6.59E+02,-1.43E+01,-1.84E+02,1.94E+00,3.25E-01
7.18E+01,1.58E+03,6.47E+01,2.04E+00,2.88E+02,3.54E+04,-6.69E+02,-1.43E+01,-1.84E+02,1.94E+00,3.26E-01
7.18E+01,1.59E+03,6.47E+01,2.03E+00,2.91E+02,3.55E+04,-7.02E+02,-1.44E+01,-1.84E+02,1.93E+00,3.00E-01
7.16E+01,1.58E+03,6.42E+01,2.04E+00,2.87E+02,3.53E+04,-6.60E+02,-1.43E+01,-1.83E+02,1.95E+00,2.88E-01
7.18E+01,1.58E+03,6.44E+01,2.04E+00,2.87E+02,3.54E+04,-6.59E+02,-1.43E+01,-1.84E+02,1.94E+00,3.25E-01
7.18E+01,1.58E+03,6.47E+01,2.04E+00,2.88E+02,3.54E+04,-6.69E+02,-1.43E+01,-1.84E+02,1.94E+00,3.26E-01
7.18E+01,1.59E+03,6.47E+01,2.03E+00,2.91E+02,3.55E+04,-7.02E+02,-1.44E+01,-1.84E+02,1.93E+00,3.00E-01
7.16E+01,1.58E+03,6.42E+01,2.04E+00,2.87E+02,3.53E+04,-6.60E+02,-1.43E+01,-1.83E+02,1.95E+00,2.85E-01
7.18E+01,1.58E+03,6.44E+01,2.04E+00,2.87E+02,3.54E+04,-6.59E+02,-1.43E+01,-1.84E+02,1.94E+00,3.25E-01
7.17E+01,1.58E+03,6.46E+01,2.04E+00,2.88E+02,3.54E+04,-6.69E+02,-1.43E+01,-1.84E+02,1.95E+00,3.07E-01
7.18E+01,1.59E+03,6.47E+01,2.03E+00,2.91E+02,3.55E+04,-7.02E+02,-1.44E+01,-1.84E+02,1.93E+00,3.00E-01
7.16E+01,1.58E+03,6.42E+01,2.04E+00,2.87E+02,3.53E+04,-6.60E+02,-1.43E+01,-1.83E+02,1.95E+00,2.85E-01
7.18E+01,1.58E+03,6.44E+01,2.04E+00,2.87E+02,3.54E+04,-6.59E+02,-1.43E+01,-1.84E+02,1.94E+00,3.25E-01
7.17E+01,1.58E+03,6.46E+01,2.04E+00,2.88E+02,3.54E+04,-6.69E+02,-1.43E+01,-1.84E+02,1.95E+00,3.07E-01
7.18E+01,1.59E+03,6.47E+01,2.03E+00,2.91E+02,3.55E+04,-7.02E+02,-1.45E+01,-1.84E+02,1.93E+00,3.04E-01
7.16E+01,1.58E+03,6.42E+01,2.04E+00,2.87E+02,3.53E+04,-6.60E+02,-1.43E+01,-1.83E+02,1.95E+00,2.85E-01
7.18E+01,1.58E+03,6.44E+01,2.04E+00,2.87E+02,3.54E+04,-6.59E+02,-1.43E+01,-1.84E+02,1.94E+00,3.25E-01
7.17E+01,1.58E+03,6.46E+01,2.04E+00,2.88E+02,3.54E+04,-6.69E+02,-1.43E+01,-1.84E+02,1.95E+00,3.07E-01
7.18E+01,1.59E+03,6.47E+01,2.04E+00,2.90E+02,3.55E+04,-6.75E+02,-1.43E+01,-1.84E+02,1.94E+00,3.32E-01
7.16E+01,1.58E+03,6.42E+01,2.04E+00,2.87E+02,3.53E+04,-6.60E+02,-1.43E+01,-1.83E+02,1.95E+00,2.85E-01
7.17E+01,1.58E+03,6.43E+01,2.04E+00,2.87E+02,3.53E+04,-6.58E+02,-1.43E+01,-1.84E+02,1.94E+00,3.25E-01
7.18E+01,1.58E+03,6.44E+01,2.04E+00,2.87E+02,3.54E+04,-6.59E+02,-1.43E+01,-1.84E+02,1.94E+00,3.25E-01
7.17E+01,1.58E+03,6.46E+01,2.04E+00,2.88E+02,3.54E+04,-6.69E+02,-1.43E+01,-1.84E+02,1.95E+00,3.07E-01
7.16E+01,1.58E+03,6.42E+01,2.04E+00,2.87E+02,3.53E+04,-6.60E+02,-1.43E+01,-1.83E+02,1.95E+00,2.85E-01
7.17E+01,1.58E+03,6.43E+01,2.04E+00,2.87E+02,3.53E+04,-6.58E+02,-1.43E+01,-1.84E+02,1.94E+00,3.25E-01
7.18E+01,1.58E+03,6.45E+01,2.04E+00,2.87E+02,3.54E+04,-6.60E+02,-1.43E+01,-1.84E+02,1.94E+00,3.33E-01
7.17E+01,1.58E+03,6.43E+01,2.04E+00,2.86E+02,3.53E+04,-6.49E+02,-1.43E+01,-1.84E+02,1.94E+00,3.30E-01
7.16E+01,1.58E+03,6.42E+01,2.04E+00,2.87E+02,3.53E+04,-6.58E+02,-1.43E+01,-1.83E+02,1.95E+00,2.86E-01
7.18E+01,1.58E+03,6.45E+01,2.04E+00,2.87E+02,3.54E+04,-6.60E+02,-1.43E+01,-1.84E+02,1.94E+00,3.33E-01
7.16E+01,1.58E+03,6.41E+01,2.04E+00,2.86E+02,3.53E+04,-6.49E+02,-1.43E+01,-1.83E+02,1.95E+00,2.88E-01
7.17E+01,1.58E+03,6.43E+01,2.04E+00,2.86E+02,3.53E+04,-6.48E+02,-1.43E+01,-1.84E+02,1.94E+00,3.30E-01
7.16E+01,1.58E+03,6.42E+01,2.04E+00,2.87E+02,3.53E+04,-6.58E+02,-1.43E+01,-1.83E+02,1.95E+00,2.86E-01
7.16E+01,1.58E+03,6.41E+01,2.04E+00,2.86E+02,3.53E+04,-6.48E+02,-1.43E+01,-1.83E+02,1.95E+00,2.89E-01
7.16E+01,1.58E+03,6.41E+01,2.04E+00,2.86E+02,3.53E+04,-6.49E+02,-1.43E+01,-1.83E+02,1.95E+00,2.88E-01
7.17E+01,1.58E+03,6.43E+01,2.04E+00,2.86E+02,3.53E+04,-6.48E+02,-1.43E+01,-1.84E+02,1.94E+00,3.30E-01
7.16E+01,1.58E+03,6.42E+01,2.04E+00,2.87E+02,3.53E+04,-6.58E+02,-1.43E+01,-1.83E+02,1.95E+00,2.86E-01
7.16E+01,1.58E+03,6.41E+01,2.04E+00,2.86E+02,3.53E+04,-6.48E+02,-1.43E+01,-1.83E+02,1.95E+00,2.89E-01
7.16E+01,1.58E+03,6.41E+01,2.04E+00,2.86E+02,3.53E+04,-6.49E+02,-1.43E+01,-1.83E+02,1.95E+00,2.89E-01
7.16E+01,1.58E+03,6.41E+01,2.04E+00,2.87E+02,3.53E+04,-6.58E+02,-1.43E+01,-1.83E+02,1.95E+00,2.85E-01
7.16E+01,1.58E+03,6.41E+01,2.04E+00,2.86E+02,3.53E+04,-6.48E+02,-1.43E+01,-1.83E+02,1.95E+00,2.89E-01
7.16E+01,1.58E+03,6.41E+01,2.04E+00,2.86E+02,3.53E+04,-6.49E+02,-1.43E+01,-1.83E+02,1.95E+00,2.88E-01
7.16E+01,1.58E+03,6.41E+01,2.04E+00,2.86E+02,3.53E+04,-6.49E+02,-1.43E+01,-1.83E+02,1.95E+00,2.89E-01
7.16E+01,1.58E+03,6.41E+01,2.04E+00,2.87E+02,3.53E+04,-6.58E+02,-1.43E+01,-1.83E+02,1.95E+00,2.85E-01
7.16E+01,1.58E+03,6.41E+01,2.04E+00,2.85E+02,3.53E+04,-6.48E+02,-1.43E+01,-1.83E+02,1.95E+00,2.87E-01
7.16E+01,1.58E+03,6.41E+01,2.04E+00,2.86E+02,3.53E+04,-6.49E+02,-1.43E+01,-1.83E+02,1.95E+00,2.85E-01
7.16E+01,1.58E+03,6.41E+01,2.04E+00,2.87E+02,3.53E+04,-6.58E+02,-1.43E+01,-1.83E+02,1.95E+00,2.85E-01
7.16E+01,1.58E+03,6.41E+01,2.04E+00,2.85E+02,3.53E+04,-6.48E+02,-1.43E+01,-1.84E+02,1.95E+00,2.89E-01
7.16E+01,1.58E+03,6.41E+01,2.04E+00,2.87E+02,3.53E+04,-6.58E+02,-1.43E+01,-1.83E+02,1.95E+00,2.85E-01
7.18E+01,1.59E+03,6.44E+01,2.02E+00,2.91E+02,3.55E+04,-7.02E+02,-1.45E+01,-1.84E+02,1.92E+00,2.79E-01
7.16E+01,1.58E+03,6.41E+01,2.04E+00,2.85E+02,3.53E+04,-6.48E+02,-1.43E+01,-1.84E+02,1.95E+00,2.89E-01
7.16E+01,1.58E+03,6.41E+01,2.04E+00,2.86E+02,3.53E+04,-6.57E+02,-1.43E+01,-1.84E+02,1.94E+00,2.82E-01
7.17E+01,1.58E+03,6.44E+01,2.04E+00,2.87E+02,3.53E+04,-6.55E+02,-1.42E+01,-1.84E+02,1.94E+00,2.91E-01
7.18E+01,1.59E+03,6.44E+01,2.02E+00,2.91E+02,3.55E+04,-7.02E+02,-1.45E+01,-1.84E+02,1.92E+00,2.79E-01
7.16E+01,1.58E+03,6.41E+01,2.04E+00,2.85E+02,3.53E+04,-6.48E+02,-1.43E+01,-1.84E+02,1.95E+00,2.89E-01
7.16E+01,1.58E+03,6.39E+01,2.04E+00,2.86E+02,3.53E+04,-6.54E+02,-1.43E+01,-1.83E+02,1.95E+00,2.79E-01
7.17E+01,1.58E+03,6.44E+01,2.04E+00,2.87E+02,3.53E+04,-6.55E+02,-1.42E+01,-1.84E+02,1.94E+00,2.91E-01
7.18E+01,1.59E+03,6.44E+01,2.02E+00,2.91E+02,3.55E+04,-7.02E+02,-1.45E+01,-1.84E+02,1.92E+00,2.82E-01
7.16E+01,1.58E+03,6.41E+01,2.04E+00,2.85E+02,3.53E+04,-6.48E+02,-1.43E+01,-1.84E+02,1.95E+00,2.89E-01
7.16E+01,1.58E+03,6.39E+01,2.04E+00,2.86E+02,3.53E+04,-6.54E+02,-1.43E+01,-1.83E+02,1.95E+00,2.79E-01
7.17E+01,1.58E+03,6.44E+01,2.04E+00,2.87E+02,3.53E+04,-6.55E+02,-1.42E+01,-1.84E+02,1.94E+00,2.91E-01
7.18E+01,1.59E+03,6.43E+01,2.02E+00,2.90E+02,3.54E+04,-6.92E+02,-1.44E+01,-1.84E+02,1.92E+00,2.86E-01
7.16E+01,1.58E+03,6.41E+01,2.04E+00,2.85E+02,3.53E+04,-6.48E+02,-1.43E+01,-1.84E+02,1.95E+00,2.89E-01
7.16E+01,1.58E+03,6.39E+01,2.04E+00,2.86E+02,3.53E+04,-6.54E+02,-1.43E+01,-1.83E+02,1.95E+00,2.79E-01
7.17E+01,1.58E+03,6.44E+01,2.04E+00,2.87E+02,3.53E+04,-6.55E+02,-1.42E+01,-1.84E+02,1.94E+00,2.91E-01
7.17E+01,1.58E+03,6.49E+01,2.03E+00,2.89E+02,3.54E+04,-6.72E+02,-1.41E+01,-1.84E+02,1.92E+00,2.77E-01
7.16E+01,1.58E+03,6.39E+01,2.05E+00,2.85E+02,3.52E+04,-6.45E+02,-1.43E+01,-1.83E+02,1.95E+00,2.87E-01
7.16E+01,1.58E+03,6.41E+01,2.04E+00,2.85E+02,3.53E+04,-6.48E+02,-1.43E+01,-1.84E+02,1.95E+00,2.89E-01
7.16E+01,1.58E+03,6.39E+01,2.04E+00,2.86E+02,3.53E+04,-6.54E+02,-1.43E+01,-1.83E+02,1.95E+00,2.79E-01
7.17E+01,1.58E+03,6.49E+01,2.03E+00,2.89E+02,3.54E+04,-6.72E+02,-1.41E+01,-1.84E+02,1.92E+00,2.77E-01
7.16E+01,1.58E+03,6.40E+01,2.04E+00,2.85E+02,3.52E+04,-6.47E+02,-1.43E+01,-1.83E+02,1.95E+00,2.83E-01
7.16E+01,1.58E+03,6.41E+01,2.04E+00,2.85E+02,3.53E+04,-6.48E+02,-1.43E+01,-1.84E+02,1.95E+00,2.89E-01
7.16E+01,1.58E+03,6.39E+01,2.04E+00,2.86E+02,3.53E+04,-6.54E+02,-1.43E+01,-1.83E+02,1.95E+00,2.79E-01
7.17E+01,1.58E+03,6.49E+01,2.03E+00,2.89E+02,3.54E+04,-6.72E+02,-1.41E+01,-1.84E+02,1.92E+00,2.77E-01
7.16E+01,1.58E+03,6.40E+01,2.04E+00,2.85E+02,3.52E+04,-6.47E+02,-1.43E+01,-1.83E+02,1.95E+00,2.83E-01
7.16E+01,1.58E+03,6.41E+01,2.04E+00,2.85E+02,3.53E+04,-6.48E+02,-1.43E+01,-1.84E+02,1.95E+00,2.89E-01
7.16E+01,1.58E+03,6.39E+01,2.04E+00,2.86E+02,3.53E+04,-6.54E+02,-1.43E+01,-1.83E+02,1.95E+00,2.82E-01
7.17E+01,1.58E+03,6.48E+01,2.03E+00,2.89E+02,3.54E+04,-6.72E+02,-1.42E+01,-1.84E+02,1.91E+00,2.72E-01
7.16E+01,1.58E+03,6.39E+01,2.04E+00,2.85E+02,3.52E+04,-6.44E+02,-1.43E+01,-1.83E+02,1.95E+00,2.84E-01
7.16E+01,1.58E+03,6.40E+01,2.04E+00,2.85E+02,3.52E+04,-6.47E+02,-1.43E+01,-1.83E+02,1.95E+00,2.83E-01
7.16E+01,1.58E+03,6.41E+01,2.04E+00,2.85E+02,3.53E+04,-6.48E+02,-1.43E+01,-1.84E+02,1.95E+00,2.89E-01
7.16E+01,1.58E+03,6.40E+01,2.04E+00,2.86E+02,3.53E+04,-6.57E+02,-1.43E+01,-1.84E+02,1.94E+00,2.81E-01
7.16E+01,1.58E+03,6.39E+01,2.04E+00,2.85E+02,3.52E+04,-6.44E+02,-1.43E+01,-1.83E+02,1.95E+00,2.84E-01
7.16E+01,1.58E+03,6.40E+01,2.04E+00,2.85E+02,3.52E+04,-6.47E+02,-1.43E+01,-1.83E+02,1.95E+00,2.82E-01
7.16E+01,1.58E+03,6.39E+01,2.04E+00,2.86E+02,3.53E+04,-6.51E+02,-1.43E+01,-1.83E+02,1.95E+00,2.82E-01
7.20E+01,1.61E+03,6.50E+01,2.08E+00,2.96E+02,3.59E+04,-6.79E+02,-1.45E+01,-1.84E+02,2.03E+00,2.86E-01
7.16E+01,1.58E+03,6.39E+01,2.04E+00,2.85E+02,3.52E+04,-6.44E+02,-1.43E+01,-1.83E+02,1.95E+00,2.84E-01
7.16E+01,1.58E+03,6.40E+01,2.04E+00,2.85E+02,3.52E+04,-6.47E+02,-1.43E+01,-1.83E+02,1.95E+00,2.82E-01
7.16E+01,1.58E+03,6.39E+01,2.04E+00,2.86E+02,3.53E+04,-6.51E+02,-1.43E+01,-1.83E+02,1.95E+00,2.82E-01
7.17E+01,1.59E+03,6.40E+01,2.07E+00,2.88E+02,3.56E+04,-6.67E+02,-1.44E+01,-1.84E+02,2.00E+00,2.63E-01
7.16E+01,1.58E+03,6.37E+01,2.05E+00,2.84E+02,3.52E+04,-6.40E+02,-1.43E+01,-1.83E+02,1.95E+00,2.82E-01
7.16E+01,1.58E+03,6.39E+01,2.04E+00,2.85E+02,3.52E+04,-6.44E+02,-1.43E+01,-1.83E+02,1.95E+00,2.82E-01
7.17E+01,1.58E+03,6.41E+01,2.04E+00,2.87E+02,3.53E+04,-6.59E+02,-1.43E+01,-1.84E+02,1.94E+00,2.82E-01
7.16E+01,1.58E+03,6.37E+01,2.05E+00,2.84E+02,3.52E+04,-6.40E+02,-1.43E+01,-1.83E+02,1.95E+00,2.82E-01
7.16E+01,1.58E+03,6.38E+01,2.04E+00,2.85E+02,3.52E+04,-6.44E+02,-1.43E+01,-1.83E+02,1.95E+00,2.81E-01
7.16E+01,1.58E+03,6.38E+01,2.04E+00,2.85E+02,3.53E+04,-6.51E+02,-1.43E+01,-1.83E+02,1.95E+00,2.81E-01
7.16E+01,1.58E+03,6.37E+01,2.05E+00,2.84E+02,3.52E+04,-6.40E+02,-1.43E+01,-1.83E+02,1.95E+00,2.82E-01
7.16E+01,1.58E+03,6.38E+01,2.04E+00,2.85E+02,3.52E+04,-6.44E+02,-1.43E+01,-1.83E+02,1.95E+00,2.81E-01
7.16E+01,1.58E+03,6.38E+01,2.04E+00,2.85E+02,3.53E+04,-6.51E+02,-1.43E+01,-1.83E+02,1.95E+00,2.81E-01
7.17E+01,1.58E+03,6.39E+01,2.03E+00,2.87E+02,3.53E+04,-6.70E+02,-1.44E+01,-1.83E+02,1.94E+00,2.78E-01
7.16E+01,1.57E+03,6.36E+01,2.04E+00,2.84E+02,3.52E+04,-6.40E+02,-1.43E+01,-1.83E+02,1.95E+00,2.75E-01
7.16E+01,1.58E+03,6.38E+01,2.04E+00,2.85E+02,3.52E+04,-6.43E+02,-1.43E+01,-1.83E+02,1.95E+00,2.80E-01
7.16E+01,1.58E+03,6.38E+01,2.04E+00,2.85E+02,3.53E+04,-6.51E+02,-1.43E+01,-1.83E+02,1.95E+00,2.81E-01
7.21E+01,1.62E+03,6.54E+01,2.08E+00,3.01E+02,3.62E+04,-7.13E+02,-1.47E+01,-1.84E+02,2.04E+00,2.79E-01
7.16E+01,1.57E+03,6.36E+01,2.04E+00,2.84E+02,3.52E+04,-6.40E+02,-1.43E+01,-1.83E+02,1.95E+00,2.75E-01
7.16E+01,1.58E+03,6.38E+01,2.04E+00,2.85E+02,3.52E+04,-6.43E+02,-1.43E+01,-1.83E+02,1.95E+00,2.80E-01
7.16E+01,1.58E+03,6.38E+01,2.04E+00,2.85E+02,3.53E+04,-6.51E+02,-1.43E+01,-1.83E+02,1.95E+00,2.81E-01
7.16E+01,1.59E+03,6.39E+01,2.05E+00,2.88E+02,3.54E+04,-6.72E+02,-1.43E+01,-1.84E+02,2.00E+00,2.42E-01
7.16E+01,1.57E+03,6.36E+01,2.04E+00,2.84E+02,3.52E+04,-6.40E+02,-1.43E+01,-1.83E+02,1.95E+00,2.75E-01
7.16E+01,1.58E+03,6.38E+01,2.04E+00,2.85E+02,3.52E+04,-6.43E+02,-1.43E+01,-1.83E+02,1.95E+00,2.80E-01
7.16E+01,1.58E+03,6.38E+01,2.04E+00,2.85E+02,3.53E+04,-6.51E+02,-1.43E+01,-1.83E+02,1.95E+00,2.81E-01
7.16E+01,1.58E+03,6.42E+01,2.04E+00,2.88E+02,3.54E+04,-6.66E+02,-1.43E+01,-1.84E+02,1.94E+00,2.85E-01
7.16E+01,1.57E+03,6.36E+01,2.04E+00,2.84E+02,3.52E+04,-6.40E+02,-1.43E+01,-1.83E+02,1.95E+00,2.74E-01
7.16E+01,1.58E+03,6.38E+01,2.04E+00,2.85E+02,3.52E+04,-6.43E+02,-1.43E+01,-1.83E+02,1.95E+00,2.80E-01
7.16E+01,1.58E+03,6.38E+01,2.04E+00,2.85E+02,3.52E+04,-6.51E+02,-1.43E+01,-1.83E+02,1.95E+00,2.80E-01
7.16E+01,1.57E+03,6.36E+01,2.04E+00,2.84E+02,3.52E+04,-6.40E+02,-1.43E+01,-1.83E+02,1.95E+00,2.74E-01
7.16E+01,1.58E+03,6.37E+01,2.04E+00,2.84E+02,3.52E+04,-6.40E+02,-1.43E+01,-1.83E+02,1.95E+00,2.80E-01
7.16E+01,1.58E+03,6.38E+01,2.04E+00,2.85E+02,3.52E+04,-6.51E+02,-1.43E+01,-1.83E+02,1.95E+00,2.80E-01
7.16E+01,1.57E+03,6.36E+01,2.04E+00,2.84E+02,3.52E+04,-6.40E+02,-1.43E+01,-1.83E+02,1.95E+00,2.74E-01
7.16E+01,1.57E+03,6.36E+01,2.04E+00,2.84E+02,3.52E+04,-6.40E+02,-1.43E+01,-1.83E+02,1.95E+00,2.76E-01
7.16E+01,1.58E+03,6.37E+01,2.05E+00,2.84E+02,3.52E+04,-6.40E+02,-1.43E+01,-1.83E+02,1.95E+00,2.81E-01
7.16E+01,1.58E+03,6.38E+01,2.04E+00,2.85E+02,3.52E+04,-6.51E+02,-1.43E+01,-1.83E+02,1.95E+00,2.78E-01
7.16E+01,1.57E+03,6.36E+01,2.04E+00,2.84E+02,3.52E+04,-6.40E+02,-1.43E+01,-1.83E+02,1.95E+00,2.74E-01
7.16E+01,1.58E+03,6.37E+01,2.05E+00,2.84E+02,3.52E+04,-6.40E+02,-1.43E+01,-1.83E+02,1.95E+00,2.81E-01
7.16E+01,1.58E+03,6.38E+01,2.04E+00,2.85E+02,3.52E+04,-6.51E+02,-1.43E+01,-1.83E+02,1.95E+00,2.78E-01
7.17E+01,1.59E+03,6.42E+01,2.05E+00,2.91E+02,3.56E+04,-6.81E+02,-1.44E+01,-1.84E+02,1.97E+00,2.60E-01
7.16E+01,1.57E+03,6.36E+01,2.04E+00,2.84E+02,3.52E+04,-6.40E+02,-1.43E+01,-1.83E+02,1.95E+00,2.74E-01
7.16E+01,1.58E+03,6.37E+01,2.05E+00,2.84E+02,3.52E+04,-6.40E+02,-1.43E+01,-1.83E+02,1.95E+00,2.81E-01
7.16E+01,1.58E+03,6.38E+01,2.04E+00,2.85E+02,3.52E+04,-6.51E+02,-1.43E+01,-1.83E+02,1.95E+00,2.78E-01
7.16E+01,1.58E+03,6.41E+01,2.05E+00,2.88E+02,3.54E+04,-6.69E+02,-1.44E+01,-1.84E+02,1.94E+00,2.78E-01
7.16E+01,1.57E+03,6.36E+01,2.04E+00,2.84E+02,3.52E+04,-6.39E+02,-1.43E+01,-1.83E+02,1.95E+00,2.74E-01
7.16E+01,1.57E+03,6.36E+01,2.04E+00,2.84E+02,3.52E+04,-6.40E+02,-1.43E+01,-1.83E+02,1.95E+00,2.74E-01
7.16E+01,1.58E+03,6.38E+01,2.04E+00,2.85E+02,3.52E+04,-6.51E+02,-1.43E+01,-1.83E+02,1.95E+00,2.79E-01
7.16E+01,1.58E+03,6.41E+01,2.05E+00,2.88E+02,3.54E+04,-6.69E+02,-1.44E+01,-1.84E+02,1.94E+00,2.78E-01
