f1,f2,f3
1.7808698447932205,0.43719723430511104,2.6762355736615997
1.7152416994273785,1.4849892229393964,2.2118272870054714
0.0036352807007687636,3.6538214039461034,2.4556950534227817
0.00485167612501916,3.9908246975736965,0.5068592808935258
1.6914385666298546,0.9674264795986139,2.906345320841576
1.0606279103422835,0.0024173059431788825,5.093079299486232
1.0669081596707635,2.649040153877733,3.1980734953099232
0.0032225736465578904,1.1416478586310153,5.752626124003234
1.9864796187786948,0.3693153574327282,0.5445338870865782
1.0657135000607465,2.1222086182317,3.9856130234600293
0.19538116422287183,0.7823306785684916,5.864404093254875
1.3093899338359218,2.605040748147078,2.3532863023933888
1.8271610001992966,0.9193120019943517,2.0575342831567394
0.16753807617075436,3.9877514755126224,0.0015511149210529708
1.242960879984735,2.9838677142657097,1.496153713615174
0.9635070794913251,0.9646348154113846,5.06642379076493
1.970303581417602,0.002415332168276889,1.0732759889289152
0.6847214410784132,0.9104648559082195,5.488179164091302
1.6193372358455795,2.3251540819740666,0.6931126756874827
0.007304857567750779,3.3931647014089705,3.190821520218492
1.0604351261619505,3.3963250440597443,0.0021692639595188626
0.004148327960710463,3.037961474037045,3.91451058598511
1.8296119931214148,1.3690367646384836,1.371249136863171
0.3585722743158651,3.9376656349375967,0.0018171659698192845
0.001751404981598253,0.0019398775417086092,6.001589012871149
0.23117402737678788,3.237698772768244,3.4685877248325134
0.9644378210051897,3.3728488527264773,1.4561288635277836
0.46002245579565537,3.6489468632889928,2.0510191623166203
0.811598849111837,0.001903503961601233,5.488208365375917
0.8879739091953007,3.563239163061854,0.6635229862778208
1.4915099874543865,0.9983808702125843,3.7134997421574307
0.4999368132554279,2.9925671727600944,3.737089237930117
0.003720706436653122,2.116416129996855,5.09830367792141
0.0027986963990697987,3.937916605472914,1.0788806942692144
0.21179617114207436,1.263813151957824,5.6652076929182735
1.8300715957931115,0.0031001256451488137,2.4434831918332307
0.5759492358134777,0.002755446335158238,5.751063016162242
0.48630459859908626,1.9272175240971363,5.068278808605582
1.8897936030669567,1.2555706224372951,0.6368097173908329
1.5385646160084165,1.5396622740339598,3.0794546899942965
1.83209578436386,1.6293590100609097,0.004533139122340801
0.7743943223504227,2.052762966664985,4.610992633543395
1.0264375739661136,3.083928898629254,2.3064570742389017
0.0033951311183111673,1.626262035002322,5.485174370088591
1.3361062789187248,2.132541407784106,3.1920845910861733
1.3025729353100932,3.0401787287798947,0.0017870300623776126
0.7746159611881183,3.097203080000142,3.096161194296251
0.004054791331725984,0.337572027158157,5.9825657269556425
1.4955153192995634,2.4794354815451576,1.5022437954757475
0.16774539801416555,0.0015674807780553827,5.980820285134768
0.7829910671849329,2.6069493308994653,3.91608247433226
0.005243410737189329,2.598491105662281,4.569330193354945
0.004476362492256864,0.7138553073025824,5.907377381524218
0.6901863284878711,3.6471865308371862,1.371441599712433
0.4242271198725218,0.8553031247472184,5.727378500354376
0.39161015899361745,0.394670153392315,5.860715841854171
0.180672821035913,0.3612843841744368,5.953863202750901
0.7329082285176055,3.4322572666750903,2.219537465313742
1.9114696068749337,0.8486791389028092,1.2822943374901568
1.5220349486428468,2.606018241060699,0.0033210668295767833
0.6305233782003382,3.778154107027265,0.6349777529792678
0.0014978631223321272,4.001108331972052,0.0011084078097734996
0.394156885291578,3.9049526183081285,0.5957345081614501
1.5219310771065029,0.0045193225335565385,3.91311934092309
1.9999806868663934,0.0012237375776640756,0.21273241122981962
0.8144212761311329,3.6582085737343113,0.002577486572756316
1.9993089643967223,0.12119738244050415,0.20693161163570203
2.0009426372369017,0.0009426372369018614,0.0009426372369019839
1.7827340092010489,1.7804379572421851,0.6623873873653386
0.49460172285557846,2.4956169097657153,4.475430228125854
0.5744130715846983,3.8348610324430057,0.0021184695078454393
1.6977078128923535,0.0025681437448017044,3.1866713956417856
1.6978577201939933,2.1229221577971256,0.002802081145072303
1.1586411709170372,3.2460641885452697,0.6807477724466398
1.3999637002466914,0.468591060780854,4.232306029077762
1.6240493640122249,0.4654980082230248,3.4756754216324586
2.000703852406058,0.0018372185440118014,0.2038016220836271
0.23377116957980337,2.8074312730966526,4.224133233606711
0.35891261520593215,0.0032255088551973285,5.907578152573437
0.2084227849825717,3.7777818318207936,1.8930571535326035
0.8978877170721102,0.45379503163790574,5.3404750696346985
0.00612269492209245,3.836356495854289,1.728403278092569
1.1582911507645017,0.45721795303145607,4.859520924267368
0.4831728004049731,3.376224296995748,2.8998230675519996
2.0005282106241005,0.008579788205173824,0.13363877177478567
0.053827176193567576,4.0000099390112585,0.04397274403453944
1.9574542629087548,0.7807748498567523,0.5852122108083425
1.0281014417442202,1.5451922379552159,4.63129503337645
0.2278996304647793,1.7850211695489027,5.337298382307323
1.8921795040658416,0.42144993071885,1.8679192125815367
1.2433322858383675,0.9900814511474016,4.48260336805309
2.0008099339512007,0.13946627661812971,0.001991490275042366
1.9953734610355554,0.002131431157454582,0.49495583492298056
1.4122772000238522,2.80994965238691,0.6855282531433827
0.7380561865064433,1.4731862645759632,5.128388522035056
1.9172995728725244,1.1502751013665224,0.0015474501234937449
1.6895767041276228,1.930293053159405,1.4552703457561118
0.6293963069271874,0.4215663502877755,5.67482689050578
0.022006156815694313,3.9998666979960134,0.16576421783331094
1.9942765282032782,0.335943404630435,0.001288441458623945
0.03768463074647635,4.00102526059,0.0016737064833999137
1.9880809355032418,0.48942088611242646,0.002928239559553481
1.5444541174630582,2.042122821625692,2.3044392549953243
0.04517355246031285,3.999371208472454,0.17225251996092605
1.9895051601594027,0.4346725122552681,0.13811165536766878
0.23196988624408893,2.3208600405048623,4.867025683853056
1.3083713093542395,1.5625809171833824,3.938738348157514
1.3022819962676035,0.002111939138086441,4.56128076721349
1.9169083282767472,0.001154279564003106,1.7242264845416575
1.989722773746162,0.0020048595851399026,0.665930641213017
1.989628518575129,0.48381027618948313,0.004065325054195359
0.418556668578154,3.824037151611191,1.2575003933788629
1.9934677094217184,0.003935871019971247,0.6170162702107053
0.17863309973670485,3.972111095761257,0.5346379282816383
0.16204058549888284,3.97558874893058,0.561574862290274
0.2404968486713211,3.960081578508933,0.5129931645150841
1.969858023081001,0.7166114751039007,0.0020308850713669706
1.8581811445968222,1.4554750591169066,0.5049620390105896
1.9951097965605384,0.32160196350741826,0.0015232293445154614
1.990624017202485,0.3436481516189468,0.39146137157369454
0.3887882102770091,3.926845058260105,0.002258547615726687
2.000865293041059,0.016794704604678936,0.01594831973957212
0.37307100368901275,3.9330808211883537,0.002385193225708801
1.9950925850434484,0.002511424646159933,0.5188280649630808
1.9563816291046952,0.39278129482401686,1.1621450974525436
0.05507725814162762,3.9418544255956567,1.0208725790586637
1.99463323463074,0.003245707272305958,0.5594663855388999
0.265754754239519,3.9475826363776605,0.6659105079872288
1.098238785155937,3.35066529789806,0.0033749685659398873
0.002737901331022442,0.003976126285807969,6.0015846893896345
0.20605302753363725,3.909676437821877,1.1540019602362095
1.75104804856406,1.9589400178135887,0.16899950989308374
1.954752891713269,0.023835665469539698,1.3522945629107035
0.003930844276840206,2.142818059837634,5.074094278376692
0.40270497080764206,3.9231563146508934,0.0036055126022062982
0.2651003042788928,3.9648313663478776,0.3609476847423051
1.7078122144098002,0.004102339028723127,3.1467690322625037
0.5244925453964119,3.8648656311769725,0.018906031255620362
1.8460836503477864,0.3131202565541728,2.292320504344603
0.7627603320111295,3.710660268806317,0.007133363536653666
0.07777058531761885,2.9501478449765743,4.069196079911596
1.1405861491820015,3.2921097373061383,0.002658932442759925
0.45088793758109896,1.3610266713417551,5.486106723252396
1.3581758379646975,0.0018736216850610307,4.411408595243441
0.07472002856670723,3.999840905863121,0.002453019084786641
2.0007366068988492,0.0015384946320364725,0.17142719696183903
1.7590917991022108,1.8880173775743423,0.6748925930485791
0.13481871067579212,0.08857226068269576,5.989543485726899
0.08286935904839603,0.1328400433578223,5.995875433663437
2.0002318836466033,0.16112082856864088,0.0018185882893836988
0.2503710707907843,3.9704839814676465,0.02694666780581976
0.0559068378813567,3.5665639603060577,2.771733839551634
0.09733262364917843,0.6578669188126601,5.916162491956729
1.770656314487109,1.6599381673211728,1.3829591058993516
0.1982375335374276,3.5885050247640367,2.6340451673875624
0.17466991546041544,3.960076657345766,0.7194846618472539
1.9942069053463258,0.00425933006559096,0.6050736347462528
0.6561188179033597,0.00936685792972637,5.686990226948877
1.7756232349472054,1.7900213426616376,0.7748216682245951
0.03782441072819171,3.869401856072409,1.5547672420354879
0.8771168907379308,3.6047661256575467,0.5162868870549195
0.11030230880133035,3.8789845611320013,1.447495602902418
1.1471467343764665,0.7359586410956765,4.8294684301860284
0.526170974348039,1.527392231137904,5.333544614253129
1.9122022827118506,0.004852698170286222,1.78572349768081
1.5023680571675633,1.6331547652846619,3.1641292600139534
0.640259594624189,3.7379483163380613,1.2754783824203946
0.043605183445058614,0.11645882983883239,5.998460689001301
0.04709460527877718,4.000276820776953,0.0013244131996679662
1.194987885194279,3.2231392467700224,0.006298136708662542
1.5059438355467527,0.0037598794269222088,3.964945340597046
0.15621767458965322,3.989826673344018,0.027927879601116014
1.6484223300564245,2.2509420284171306,0.5130836350793765
1.653384495629758,2.237409511491727,1.0263576188143704
0.0781411626661493,3.998611183352393,0.0015456927745450275
0.14361347912535186,1.0183375804853125,5.796958447089041
1.8246653751768387,0.48632875958969396,2.4067027632482065
0.07103187860424429,0.6460980439754745,5.920801514384045
0.08166753317954498,3.933280502121234,1.1439907925644135
0.017162372265601078,3.9577565492406035,0.9240229124338344
1.455635378229057,0.007245362536885869,4.14481678330887
0.038744425560745206,1.0436622420140633,5.79387983296013
0.8925004448007722,0.31272847711072344,5.404946551361884
1.985554913420613,0.5120245144849476,0.12999783931538555
0.05847521307106011,0.11284989093342607,5.997890855595396
1.9347562213317118,0.6069982359222048,1.2780799946670267
1.6048720786975437,0.662725616985609,3.4718799518101138
1.9497704981345276,0.009771637173700585,1.3710791498483808
0.2313275776040859,0.09060782525402035,5.964341855443967
0.7256748623772227,0.005703780190172463,5.596364999680444
1.9914769817500526,0.3983565435399513,0.0013521423591258462
1.5687205175814893,0.0052954434089213165,3.7471289962325227
1.0553718476878304,0.17799705037184654,5.0921011023120055
0.015215704447916926,1.722873893939399,5.43053786482235
1.9912610713359402,0.275928272606152,0.528819536383281
0.09719263881425862,3.7171976378905405,2.2101938419430964
1.9603028060018546,0.7036600644171286,0.7214246825301527
0.08087929487814063,3.9821077227533155,0.6066993317965956
1.9435616154913067,0.14274719844355066,1.4552235391052062
0.9413141262256041,0.5913880356021463,5.232125107634367
0.03886285804265862,0.7730630663123529,5.889635687802356
1.362177839956112,0.7066375772708364,4.273410374596392
0.009614524336953534,3.2698492549078835,3.4652245921931955
0.08778894789253745,3.920306209842752,1.3193118595763345
1.0203805475927943,0.03929123614469186,5.228109953283728
0.8948385301092879,0.03730083445818129,5.392701661534742
0.4992136415834652,0.595306446031294,5.770493815882143
0.25012624829879904,3.9708924098433056,0.0018360981536397686
0.3806068488919967,0.0062946818835273545,5.900275816453336
0.0762850930244964,3.3032386606094826,3.420531955254577
1.9710361465196093,0.7072188305091256,0.0023348852955889744
0.8083991779111862,3.653511586691531,0.5139480330932618
1.8128466655630455,1.1565476409982034,2.05566137317971
1.79666549251711,1.702314478581259,0.877107547943521
0.36876460660080423,3.346936059213928,3.2047003667118448
0.6285192551139601,1.1521664041611406,5.4351919002596665
1.4243395702018338,2.8265287881141536,0.006125458983883317
1.5125657225288074,2.6310798231795163,0.6789881875458089
1.5982040003543114,1.5833445069560612,2.8316743143496166
1.7122327694154396,2.0778965944042316,0.0025008747334090246
1.6718422317268256,0.01005538183038803,3.3486449327637566
0.4270284285616096,0.14652474507655466,5.873017082688601
1.7885809813157383,0.3256892133522081,2.6743049230326315
0.00867439931986704,3.9945995121071913,0.4316345636855858
1.1453752993498847,2.2378788579314994,3.6942095629465572
0.7122293131559515,3.7444578014803693,0.028984837836929695
1.404639286036071,2.86805452073929,0.00763170716865318
1.956322539820765,0.8729109580950891,0.004081064094378811
0.028351494740826502,1.4220976792881388,5.616822365673414
1.9837552134064607,0.47043122579123925,0.5508424452923406
0.6277809772320555,3.814365008065658,0.00998457961602445
0.02182230032753646,0.5044513674466988,5.95721304156465
0.5254614780346876,1.892528966752646,5.086967887206613
0.07179876120595517,1.3512578917956348,5.672458247850592
1.5482302558385832,2.553533529803925,0.007852343832013633
1.490703490770852,0.5743686096847878,3.9473210136053116
0.2298566929765684,0.12877981969855276,5.963724400238612
0.1854307683713971,1.4095298829737166,5.599546761793252
1.6530366288408047,2.2424240406029616,0.8328549882151987
0.34029813841235657,0.0213083249729294,5.919166273851142
1.9879886223752872,0.5647123576949342,0.00748975993284314
0.0069679199745605064,2.439878228721049,4.7694318762837025
0.9403992406410341,2.9357639947377425,3.148374182642978
0.022992880340931547,1.375201461944391,5.654609238105987
0.9222263733886089,1.572536375176552,4.807207894113707
1.380443390898364,0.01315356410011014,4.392042323340975
1.2737987983001628,3.093606093991243,0.21051209513149388
1.0678706532680597,3.3775900471225824,0.5549147137989051
1.9859894578621085,0.43158191329390183,0.3726752677081608
1.8760872723176025,1.4505758965553366,0.01024627094630745
0.1597165906972654,3.989627309196468,0.23953043540829955
0.6046141328376547,3.793290534740999,0.9846642879069447
0.745575706630486,0.03275490576487921,5.575714031571528
0.0310469733141708,1.9193005127963358,5.310787820791899
0.11494825082232406,0.3364368243506469,5.975353250811993
0.08739957185327772,0.6975142980074018,5.905700241361948
0.9673785837275072,0.0023123830257405745,5.257578794385636
0.06688640418268808,0.2371490420235327,5.989818555533527
0.01708928547806198,1.5706247364250563,5.528440780629358
0.046672460357390526,3.985731103330668,0.5390861349018969
1.2558481417181846,2.6895368549735887,2.5907635392705983
0.008516642334860425,0.6047680838452564,5.9404827257354045
0.4806280943418273,0.14574183790936276,5.8353455287802705
0.15982414134859885,0.4644347890884,5.951009452831728
0.4483751574511587,0.16853875522306125,5.85919637726376
0.7117526357840952,0.006344316914977637,5.620753629837593
1.742280415865342,0.004139267184104834,2.9722679917089723
0.07849627718650495,1.8552916102528185,5.327671671022355
0.5938691207454976,3.4941826642045797,2.458903024931393
1.9259514032044256,0.9634421360345661,0.8467945729742641
1.6593992544489062,0.6382651194295885,3.24048499392057
1.860213862141645,0.6706957225246517,2.0021110175389474
0.9960801907854938,3.4474781294714423,0.6743972053502127
1.747370225041581,1.9050721782715567,1.0250765201317689
0.06371746561046676,3.9999598002342536,0.0018726483205412172
1.7228301505145613,0.8771135144171097,2.934808469284114
1.9791785856656552,0.6663719083607508,0.006574507907341124
1.654693777660519,2.2627338464742777,0.011994286889541603
0.07127545795971754,3.0979036452849904,3.8008940017540294
0.4280739773265247,2.3906343398661973,4.66071724438019
1.7747110322860062,1.1219334322140029,2.3728815801080616
0.05165361867617585,1.3768039665476133,5.641059829236843
0.09325328442392809,3.7334015185119567,2.1574027671173934
0.07599792349601404,1.9865313766329313,5.239329607566469
1.290579265451083,0.6372250056355628,4.534719744455008
0.6515261349390346,2.4367130255270673,4.415670210312726
0.012950206775416584,3.6036634354263737,2.6152948319513163
1.8098437991799585,1.7167244010746818,0.0027533684511000813
0.05712535855799818,3.868369713180305,1.558508624172022
0.04431876450082781,3.79774351305517,1.8965780102591585
0.047708993158842035,2.5442855671335414,4.633675657858345
0.32564744620179026,3.945380710451146,0.4107609042471257
1.9896403078901836,0.11035938160978472,0.7036784782592805
0.0994814755889908,3.7062712609345025,2.2680474813381153
1.3382787629278365,0.6200692994805711,4.3736478615021275
0.22668045775125667,3.694482725767293,2.2819755740033574
0.04842177385096384,3.779475761030725,1.9776804035861995
0.044978711444902855,0.41865749585898626,5.971855002480266
0.8096150377640117,3.1957609369088877,2.6973300429532174
1.8403536445255555,1.388497973135458,1.120793628802268
0.21607146393793342,0.3148993079683105,5.94911932266995
1.4618938316896426,1.7327584630922948,3.2940289140700805
0.2691019067469254,3.948952328808493,0.5907278320745523
0.5497921357688883,1.3857583158062394,5.386423350017904
0.8964854787266684,2.419028019876238,3.982339067117184
0.10387819083058539,2.385591484969235,4.82531995524458
1.9581296703982989,0.21345423787649034,1.2941309376102306
1.993346352374736,0.35748970613689096,0.029737852057974086
1.5152559880118497,2.3794280072159366,1.686386460036571
1.314252867715139,2.7747520419055114,1.8045742923395995
0.02995166237201431,0.020533585715118395,6.000993106855954
1.873282826764558,0.31775245923256634,2.0796943680657636
1.9365142786106815,0.5169884871155638,1.3732385366695887
1.9733277772984725,0.6900295811418541,0.0030452745529548292
1.89836550844613,0.12563550502149726,1.9082427978710006
0.0521461697195216,3.769469155143129,2.0571639288927157
1.4596856504453892,1.3285815707324091,3.6202549378786055
1.5494715094036686,2.5486268667715564,0.010454758025408614
0.23730560502417056,3.975476624696277,0.060086708778871435
1.948175492612121,0.002508699974313925,1.3915467081794746
1.624576421627816,1.914749523815298,2.111351287406494
1.9326442373961146,1.094225675737745,0.007824021979187336
0.21601233954147986,1.4985093010537496,5.558925712379507
0.639412354940099,1.414180827655826,5.366970931429517
0.17784511243992368,0.39451645189706946,5.951791100515759
1.2467163128925878,0.02302570413852301,4.768890393151891
0.1947319939722445,3.6838778730470945,2.36236588652634
1.829164421566341,1.221817925407198,1.701069855178877
0.9717544068306125,3.5173409004126164,0.7936369162672614
0.1131993044081281,3.708657461150167,2.260318502944988
0.594400898959286,1.7167433491630772,5.177772435723435
1.5944378778692287,2.206802271939362,1.8589245885458334
0.17813135882332268,1.9265657329605008,5.236611401399956
1.87864618802353,1.0165233735462513,1.5009267107712643
1.1271995861494912,2.5447350877415906,3.30325860811638
1.9057072586699872,1.1160421145039001,1.0077138564277346
1.4853281948494166,2.6177488226836187,0.9517863765188505
1.563693773857642,2.4811643008898523,0.8045889671431611
0.2538293641747634,0.0145699595266914,5.971481444145803
0.50192492621341,1.1820533338749104,5.5922776380285635
1.9941226570518953,0.3448588455894077,0.0015045412497587504
1.5362519238868764,1.8391697347209617,2.7059352399692083
0.0673732476071274,2.844185646168471,4.226801923911166
1.2711604661124116,3.0979361081385792,0.5179776710321183
1.8573325480123437,0.003877723380606547,2.2582838352965626
1.488659177433658,0.013049515731253845,4.0631340996152305
0.046709712379113234,2.785187027468297,4.420077822065391
1.7120188875773867,1.0799471538351975,2.8459934359576926
1.6179164021551733,2.384799348811056,0.00893590866217335
1.5404791064560805,2.581250068965221,0.008895580629181273
0.5986348075145679,3.8315030513538137,0.009178494317044988
0.41343500316421655,3.665275702941483,2.2130629203249823
1.9312925458119248,0.009849958623567604,1.6749401835814244
1.0143139749588275,2.2616689635250506,3.956261071617603
0.31317261551776665,3.955107663619879,0.003383601111014202
0.3419148140114024,0.2103465157404612,5.90992246999151
1.9371799195489625,0.5929459760350293,1.3390671526369355
1.0931636613196531,1.102937258096412,4.838345407805155
0.2508765672618248,0.46555218899744055,5.936631836419231
0.6323143521294275,2.8968019883998477,3.7253890201138726
0.6413354642401126,0.011071646951340901,5.705358932077485
1.364065407232355,2.900293646904652,0.7570581456478145
0.2453474132513131,3.5081702373671835,2.864318808800859
0.02671968234666562,3.8853823344796843,1.4387809926790252
0.40067133654205433,3.9249526943468336,0.004296231068759546
1.7994295341641866,1.574743592550288,1.4289713931197883
1.947397187392476,0.8510673484150844,0.6470307338808634
1.01012038665938,0.6308168056098226,5.106363599498333
1.8967015878733773,0.9627335679694103,1.3043491958005569
1.4169137330795392,2.8367459510534,0.21274590878944763
1.6980858569388226,1.8198196095775283,1.932688564403687
0.638663624793741,0.015491362157625773,5.7167988420019515
0.3508549224676095,2.5959332864283478,4.453229903414497
1.618353438903453,0.0030735442801086512,3.5411291908507456
1.112344377370271,2.702986688144566,2.9302212223513844
1.7067406113856425,2.0606133814547256,1.1269378750560337
1.1740008867953502,3.219213730064207,0.6536895869859906
0.27166101406275345,2.6488552567363572,4.470299536774966
0.1159568160729659,1.3087339542666454,5.690630506070281
0.8862106018991245,3.060606457153997,2.867962227387867
1.4830611676220553,1.9965138738853072,3.036458616556928
1.9362386307759163,1.024283417675121,0.22233990181612362
1.6544452924830158,1.3603111074962813,3.008743132395775
0.797417082696836,0.5785187091100794,5.44183221210587
0.628447149593728,3.64273652316841,1.6666194775235699
1.372811651242268,2.7057064172912297,1.7317437344957005
1.372448289437735,0.8545359373480749,4.20027185547053
0.06957189228892126,0.2288736022345329,5.988730014253814
0.390592621098528,3.925091111794533,0.0027571234176439526
1.9799094806157895,0.6293630381482105,0.00446623976041892
0.28484721067826124,3.910647463354571,0.9997727614487141
0.4550056401366717,0.003853825790950679,5.84920739625297
0.11734687044225452,1.705881206491516,5.432410421488122
0.007466143458662823,2.531907201129996,4.651936858816538
0.306321694456521,3.91468343827239,0.9065320990958705
1.9480701988201485,0.8038767724055274,0.8517804185780272
1.9669193169478754,0.5336077399550967,0.8297326029232288
0.31287309052346723,3.9019995284832736,0.9851592712925795
0.3438378895902046,3.1557826441680543,3.6320348744427906
1.592765016557997,2.022867750903957,2.1039969909481173
0.43248515767846946,1.3826358512988621,5.536047946643868
0.6260079671880204,1.1937582758729866,5.48676004739252
1.9745191129559112,0.0023015237388283364,0.9989057716952651
1.9406527094772852,0.990574046604632,0.02636187190234126
1.9663344294161906,0.16896325969529885,1.1369124783066489
1.2915262185597756,1.201754035462217,4.225774401881671
1.0526641878500518,3.391425688833597,0.5974191843578825
1.207817097198378,2.5409001481154045,2.9808975427364612
1.9948438675585514,0.11197978660661369,0.5120670337873302
1.1242302348813649,3.3224485029196718,0.009236918860246992
1.2842169999423345,0.7968376727786203,4.448988649033971
1.8340337230651944,1.6131203670882965,0.0031805264891104383
0.3896159517173326,3.8667329068422975,1.1526401418054153
1.9700964587339074,0.7065326590631277,0.5251408396811189
1.8348955142562042,0.3123850192364752,2.3706146299248854
0.5157007410070534,3.735178182022933,1.583619181728031
0.9422144876753722,2.154346390563146,4.339436634111187
1.5790008034175937,2.4743926718723612,0.05089613660497856
1.206459512093499,0.23643114131699206,4.86300394380615
0.21470438803237457,3.9804866151464804,0.002966292651775557
1.9233344718105938,1.076558465378142,0.5069155323247828
1.3751484078877458,2.5389156480027366,2.2277606117134483
0.01584714699256361,1.2734260876379593,5.7062549119055355
1.3118048242538893,2.508507824321029,2.5466274441754435
1.2451971807113056,0.8985430440809846,4.564999363875533
0.565472083343753,3.8265119136259074,0.5873558719318187
0.7724165931923689,2.6141133130715875,4.071050924227287
0.309412970860541,1.7715029005411695,5.34011554688757
1.2414490371242044,3.1457293261317645,0.0037271224623677706
0.2626410827877161,0.4519036175522686,5.915479209078565
0.7004316335483375,3.7740223204296206,0.04673375264520352
1.394380710963275,1.3759040257204826,3.823288736450326
1.9701154521493958,0.0027539708233676108,1.082290545540456
1.9862858753485884,0.08894879289510814,0.7322955898956466
0.40914030024698944,3.7049607996920484,1.9523707935750274
0.5042303391397799,2.2490565131390494,4.739563405774384
0.015935468511463793,0.1527414615209644,6.000433980784076
0.6730476525208263,3.3239125963066427,2.8070010102229075
1.452265701661339,2.562591114371583,1.860159760522367
0.03498657495704198,1.8533314825794274,5.333841440509992
0.7410708760140208,1.1318971030821623,5.385040656193171
0.04740855791747962,1.9267250784947336,5.258235619751474
1.9745207612314855,0.4366057876812763,0.7504615443682364
0.36617123317121253,2.1352987111621653,4.989997585865606
0.2940425752489577,3.9618997739693853,0.00414356052591132
1.3333247166603368,2.3455893690238425,2.9222507902205943
1.424700928973588,2.1146158891085767,2.793046383290024
0.3513464638006681,3.237005077384544,3.4139002767544313
1.8870883684425226,0.1208365430736742,2.021444156950589
0.8618470330472013,2.957472874604889,3.2741138571987376
0.03529680215495004,0.7801308730113712,5.891219906243346
1.0172005455472082,2.9491038996342867,2.701414334399395
0.04032296492519972,1.5525442018115938,5.53578824924575
0.35977606836296006,3.588672378688688,2.481884452460522
0.12496961279133087,1.0150337280277,5.798450471998899
0.542186921441576,2.473534008758498,4.46074125685481
0.6510783255694049,3.7988621249792005,0.009952928361041051
0.44242193507853333,1.0748761025095133,5.667528966091943
0.2559267047950255,2.522014471734653,4.688999455614416
1.1076756449395546,3.3321973584372677,0.519627298758042
0.5203393039596004,3.828927620904875,0.9321054970513775
0.4809958787979857,3.402890413202637,2.9348091968320023
0.0461720613868995,3.516515898665932,2.8831699316705284
1.9091466913493376,1.2219414822592456,0.004097140812290191
1.8749590880727205,0.012723033139470017,2.154293412381726
1.8742493292163085,1.2878523439604685,0.889091634284809
0.6673829701609676,1.2932929401327207,5.346027044736644
1.764420079886133,0.6438227424932733,2.6892018035898015
1.2408645395896336,2.7843352374627535,2.205223211433203
1.8742427259095071,0.9547714615331665,1.5620130241485473
1.794423267719188,1.055238465588773,2.2676217427444696
1.5183353939212025,0.0030662677871782246,3.9191402301205334
0.8191797472213637,0.2548579625029092,5.475700136301875
1.2774319106464265,0.01771124677153358,4.677961738006891
0.9326018053678311,0.009567813806374729,5.332356016787884
0.2603328855833283,3.2200508301242876,3.4992860911835497
1.840960262946998,1.5364051360692081,0.5494395304259249
0.8506761063085333,0.024223587519098172,5.447222713682063
0.5744851081809965,3.4429994607726138,2.5706868552021493
1.7876789745031425,0.03593158376198051,2.737970430883633
0.05716407577419902,3.200055037295431,3.6338380376903716
1.407161360695923,1.795316727434941,3.530543424833505
0.5891458346877453,1.7735268786199903,5.09740590533695
0.5585223225774509,0.009913295545965239,5.779770591800015
1.3909138765301141,2.503629560825169,2.1389684487967346
0.5469579155450369,3.8260534488983624,0.9783613665431133
1.6183464277842659,0.5369178228103292,3.467971775400979
1.9311364840124738,0.01941006985299093,1.63936133845235
1.7536795526734608,1.8931583847975713,1.0678458662357029
1.2023503267057747,1.6462328658677028,4.165735486918904
1.8114991673457468,0.008365924483678289,2.6042077101808485
1.6837307863475413,0.5737570640874833,3.1477711584369916
1.1731740300656752,0.003607645136837679,4.870745432502264
1.1380756648917048,1.588505267989689,4.36887602086036
1.6542627591832395,1.9467924315992073,1.8296796143522709
1.5802639254905664,2.34642956780239,1.2038092324985836
0.05875013875227568,2.9980714251817853,4.0333950506318335
0.53719416005311,0.9317013987407492,5.637002102155368
1.9204415998479467,0.9648189142670613,0.9329134740225351
1.9108144783141912,1.2043634550032958,0.21542584397512274
1.029076212809885,1.0923778417883765,4.889706077582104
0.1724413426678968,1.3428581412720193,5.637277911603738
0.5926688366215531,0.5418258973239528,5.72633166725582
0.27541248643033084,2.7389107644164423,4.322898976800729
0.038843187373847544,0.8004318524648927,5.879545474108721
1.7424831456157421,1.9989778473518336,0.007872324839233164
0.0538062906223847,2.478430315562248,4.7317071214250115
0.6296436564536644,0.9754223309977577,5.516419229437175
0.010048928871983246,1.190661305739155,5.730862859878068
0.08642474765167883,0.15428601679597048,5.991969511902752
1.919058669103188,0.6157659177327455,1.4618879455855205
1.7689572324500151,1.8942052147583932,0.0058541310504516865
1.7671928839618436,1.7870780565421693,0.989963544340686
1.352663109101636,2.4507800401016775,2.6427634852800503
1.038505460163811,3.3731510200331583,0.9743346530997422
0.26879631318603936,3.873827714956051,1.3875302217292997
0.5380119240379756,0.34184326183500857,5.7727418423901655
0.8563659838138105,3.5649599476917304,0.9409808466398234
0.5036890562355189,1.3284417780313702,5.483466859350573
0.9481130718752371,2.8994105611545695,3.1010360670416475
1.5800214357397844,0.026337557366537076,3.698281035416528
0.7147439116982907,2.3841051932100954,4.3845978304870705
1.1488068334780575,3.222019299557055,1.0343586675882463
1.128736411268943,1.1298234346355251,4.758628161322171
0.2899439784480053,3.954799284834837,0.4180890941879442
0.5548891149887148,3.8559175188799393,0.14039731067423888
1.1677073217747242,0.04459453230669155,5.00922533018079
0.33812961890894105,3.064500892095229,3.7459422657761796
1.3427854598023266,2.8149189613384435,1.4893881096687847
0.5806474811949036,3.6865542540626284,1.6101877997411522
1.8246668790647795,1.668972502325059,0.00575802920438174
0.2417115137270294,2.7180142362443087,4.358537316802623
0.6609006147813423,1.4823946413886533,5.222181261918278
0.7075554681587587,3.745657459570014,0.09587620653221238
0.21182626272169877,3.8321135948255867,1.7445672065922522
0.7992473880714159,3.548841696469227,1.475233336286183
0.7267632544424447,3.734498801323464,0.0044658484753500585
0.06303301507644106,0.1769886367978237,5.995589667583052
0.8015250775143019,3.694450179454211,0.015940938035900618
0.028002914519185386,2.0121825100682145,5.214036684773444
1.0213717876796466,3.3366874747146658,1.3827887945363893
0.574767248551806,3.6887234790211467,1.8060126938346845
0.6554109262669184,3.535723383713591,2.226538082667339
0.25848090787280853,3.8772540468090466,1.3544303873191843
0.03466765158372105,0.2777744850940454,5.992571745209866
0.7268891402271267,3.674949229333343,1.1283167324372405
1.0498126959802192,3.157905024090726,2.0338945033947575
0.39812950977380207,2.8889294960447547,4.018046702715518
1.7045913598860756,1.6599017777180063,2.3540645567011818
1.343069743069214,2.339929199382506,2.8234141090461997
0.2923112936606502,3.944374312325139,0.5579176928249617
0.5835274269582337,0.7211570902700335,5.687274368808063
1.9891007044483235,0.004280564473074874,0.7421159848329942
0.24799046637526778,0.16596335452087846,5.950689468593473
1.575194606762763,1.8869883801262524,2.471596700436317
1.9731127836972324,0.3396284605540776,1.0104922761372286
0.012205245740570515,2.2183131863363537,5.016286173543026
0.4867600767653822,0.08395295280301036,5.822064911379015
1.3651160266527993,2.9177988925311724,0.5207082762579909
0.15688828179782766,3.896705208310493,1.3296153009943663
1.2294681988446028,3.1463115419686667,0.5561140192454784
1.0678874207111235,3.2918067438409797,1.585385897758515
0.7691471418485675,1.3344559651742458,5.299149429469806
0.6703884096404435,2.1801194048755703,4.698086030985873
0.9562867936953007,3.303645630721896,2.009237105286561
1.6107084085349836,2.2831741888083097,1.1969198646213766
0.5243906458551605,1.0416679520772478,5.605908860262149
1.0037025939871007,0.6756272888712204,5.107488590438241
0.9292351175834364,1.4856141468837438,4.9146154541097244
0.25791541044518,3.927067176854863,0.8778532818254919
0.014438169903009671,1.9217161142395163,5.28159273546391
0.013326160398686936,2.5580378170484916,4.638462594805148
1.3258730781024672,1.8538244469338279,3.6808181112661553
1.9411583929579606,0.8315435918109555,0.8666690589503626
0.04568119693385431,3.894885759883148,1.3856156582076429
0.3317074634397885,2.8271624350038076,4.2171342226909285
1.3032424501827757,1.457667397521444,4.031363424063441
0.2639345226324409,0.7165595830564477,5.8680963207189345
0.5023577687185393,0.2970509835305834,5.804977850889109
1.6427471999549406,1.947898755442043,1.923978240685887
0.7062103735935928,2.368842098059205,4.408459741740847
1.891345950829719,1.3286599349895143,0.017902157909540042
1.8972314485512687,1.3418542030517537,0.01114924497716984
1.3185491270626561,2.6798141389514356,2.333782643416836
1.6404730512539023,0.005746425146143773,3.462481838950489
0.5189650801716494,0.3908137894307763,5.777779973495252
1.8082506981617181,1.7082209919011968,0.8360156876535884
0.7072937261345587,2.013192054435186,4.8226425388740894
0.2987338228304636,2.280685264354926,4.936268657729752
0.06635344682434945,3.8509156591568163,1.6476484834818172
1.2919896630905767,3.0575387822366586,0.29292115635309046
1.0357030208630524,0.702313417655628,5.058349753305312
1.051243213359096,0.0023692851418713294,5.108640799580992
1.3233922646320462,0.22356571825105714,4.492215909860147
1.0034537023770227,3.430368136779121,1.0810750448888187
0.9147817302145054,3.379550768856326,1.8269233672746832
0.8485485807715626,0.2900041515086596,5.4365712167494324
1.1694646756770455,0.3776156434208074,4.884430344594236
0.8042112953128255,3.4097473711156034,2.052966244644174
0.021197023671897314,3.2074844498593302,3.620020501352083
1.9608190512086807,0.003419454329543722,1.235199208683589
0.3703279232178042,3.873559450092352,1.0459428749562008
0.1018925732734511,2.4985242864785073,4.709105369507251
0.7788146617939414,3.677859122799734,0.8219659108737549
0.04050194544181763,3.409979807104404,3.1486325291645363
0.3377698878084731,0.7187805358715866,5.81703909199573
1.7160151194983357,0.31531353677008084,3.1061889504693854
1.8705354008762045,0.009781376884331805,2.1966032894925087
0.08187705898872608,3.9074633869151687,1.3219491504587682
0.30365031033527873,3.9607379917830627,0.011235868991922679
0.7987557640647779,3.5114039318470414,1.6429435673764388
0.15106113008522237,0.7622256879408208,5.878735627395462
0.02696855577187646,1.858709378342948,5.358479179482069
0.48982630345320016,3.84158207557341,1.0029904994223875
0.9590450058316596,0.006080361666804582,5.281184671796203
1.2848854447927016,0.5087270228390163,4.543386675398607
0.7198316800036302,3.017215027298174,3.38926515460171
1.3042609242202623,0.24314240607950904,4.561094165546261
1.6364197085791126,0.534941974467906,3.3866211714869667
0.6785290920228285,2.3669806705667793,4.516628207627871
1.800461268417357,1.1415464112875437,2.0910201014329677
1.1450428190513307,1.7995477796331711,4.331295237681447
1.5346499325441942,0.8552914580335698,3.7849039452589825
0.3761034635961354,3.2356502022398375,3.368000778280548
0.8212754921280665,2.249740028957549,4.356331954250755
0.5712761200219483,3.846670921989207,0.008370588478274573
1.9433859293229094,0.9103214900491766,0.7687139361067038
1.9416874043268686,0.6523732039521775,1.1534151009292077
1.3781637681269479,2.6746085764233314,2.1152382726607666
1.2536220744662887,2.073350092805082,3.6578264064992076
1.651711350583803,2.269350769701711,0.0035272240421926867
0.3177227078843245,0.08057211252052651,5.93445309974113
1.8768447612298076,0.5001907050289165,1.9911634692208846
0.8338969595778024,3.466139575949797,1.6756265539217872
1.0384144722178863,0.028921563950017683,5.208527399668786
0.05468109990514419,3.6114856711574985,2.612104444884007
0.5077769581464813,0.6214967953391802,5.7416409410515445
0.5159410036147497,0.003502813956600473,5.8032152133794295
0.7001196546140758,2.1235151032461785,4.665849017619522
1.5917289992082309,0.7678001813172226,3.4954028536145727
1.06611258288386,2.930243368809153,2.7000178837345876
0.22614735061624344,3.7867149779818288,1.829961529027941
0.3336660742131163,2.7822802744806667,4.225941341850627
0.08169926143591405,3.489845073314757,3.118740282810741
1.375066360546031,2.81754388201319,1.4480288241077717
1.6388686761858535,0.018697310906462265,3.5365663710277184
1.4338988605565393,1.1571726494278118,3.8324790746591373
0.01779157069115522,3.987776045079906,0.570171582089807
1.906901423063181,1.1546609710873155,0.6775479294939817
1.868037782194295,0.4773168487267629,2.064927337970851
0.35274264770545405,3.8561252479493278,1.4817167017563435
0.39858885711769976,3.9124874950341546,0.5221383454058619
0.13052252033493683,0.9393541538485453,5.825064863040088
1.7327839790352386,2.0708320104951694,0.10994863527474566
0.027293554358360863,3.866488846470639,1.5675356548698178
1.3148287048038008,3.0334481201201795,0.6175221516566421
0.19509382736869588,3.1882031771392985,3.590033434174655
1.5537519159774682,1.9046544453842236,2.6506904768420143
0.13917888911450593,3.9936498050540474,0.014716678938358683
0.6707912718205465,0.42269168726569123,5.637717286202281
0.04434146911758598,1.954344995718649,5.252686530044147
0.9406548841351721,2.7549174777850687,3.397565565552574
0.2113915765573193,1.6195169545720913,5.45954587933088
0.5114061968359981,3.6041847833953993,2.265621010049088
0.6589558874242955,0.8919374427629386,5.557097695396164
1.7068023381083484,1.7580281160999294,1.8128910124944966
0.014311886384711208,2.2306323089458604,4.996308622342118
1.9789140341759601,0.42330282959438226,0.7711542731413152
1.8453544209530868,1.5077605823567624,0.6038103503524287
1.7871099286328755,1.0655636548718692,2.2762798249469007
0.4221045024794874,0.5604781605504472,5.821266229083698
0.6134701770991839,3.554331108385182,2.244596763499795
1.7128628755012083,1.6923822370583803,2.2486586940359876
1.9617747536300765,0.39998977341280834,1.0947237388072861
1.85722731907828,1.4974578147787934,0.002216900716995336
0.8639855015037603,1.412435294184144,5.001849267419196
1.0188056252979962,1.767301451378991,4.520208580221585
1.5503578313682318,0.0022719074753258474,3.801070368857795
0.6542142980754532,1.4679534109271537,5.241143536823569
1.7124021407980827,2.0465381343329403,0.5352852319869137
1.838696395752189,0.8098325942951629,2.0625856257522748
0.06495797842266157,0.9914885673968553,5.842391054934309
1.7400259084604264,0.30678420103482745,3.013495963775082
1.925131296709967,0.48962533101676725,1.5300371680749356
1.739512436306731,0.9599123964371925,2.6981606368416187
0.12788747543364748,3.0365919814775144,3.9360334647700728
0.4438319094380294,0.5541426469128341,5.802897824937422
0.24963965901485247,1.9076759462649149,5.2238172719441085
1.2748089915169436,2.915463557638447,1.9517563902708939
1.5864586657444828,2.0621089854153323,2.00450480706431
1.7667841674847025,1.5804322274932934,1.786573861816714
1.7741643687473954,1.1785004799659875,2.1514906999619137
1.1784726541018966,3.2606833372314235,0.011783783081940136
0.4921673295916003,3.383487416000356,2.892502008420778
1.2776215566422306,1.7628926193650538,3.8052959352278144
0.4334392852061919,0.12498258948686881,5.86977925309464
0.5642110682284113,0.899276125513275,5.630414590467175
1.1246022501481965,3.320085807459826,0.005245782354923931
1.3825282732562618,0.8203777166784696,4.228228990135285
1.4402825205492666,1.1229144464937413,3.897230020294215
0.9887711859552358,3.4761579049800955,0.3867843505493645
1.087012560659343,3.3742960627901994,0.007285645201972701
1.7485176172786185,1.3421347683539038,2.1784874763652824
0.6790526686033187,2.662830823224956,4.087521001759422
0.774227825996427,2.6455937044657127,3.8607121183810653
0.19489373819559086,2.7250917356124122,4.378327775227569
1.9679719719878879,0.7660728488318931,0.005299766204553416
0.8361535448506883,3.4740581348129336,1.636944863681549
0.08086089644271642,3.987448226382624,0.5173842408868806
1.092842594198097,0.6353403613432472,4.957803261215855
0.081300736183405,3.3158624380025765,3.403604266440217
0.3672695539892308,3.375385498794595,3.097212988281609
0.7160772493129305,3.7416115032291732,0.2195114742334638
0.14731722460092708,0.003031696604892827,5.986743228587589
1.792860010143414,0.0012385753478986266,2.6676894035927106
0.31112675874201745,3.8535958467051814,1.59898217723981
0.4793724071741581,0.9254720542580497,5.681007146739961
1.7339237269354113,1.8542170386057624,1.5635775176616162
1.7850396322758726,0.19097431754541086,2.7991932238707546
1.4764646600069231,1.0404782942558684,3.7726125632924448
1.5932987990374823,1.6090895539664658,2.8679921222834612
1.6575157864280432,2.2177987552743885,0.8585089926374946
0.8659400661446639,0.26668460852287906,5.413195867634778
1.81079461250609,1.35547282694492,1.7760792955189313
0.3226002245490303,3.7447620821597063,1.9601943105574695
1.7920802510746643,1.5749612879504329,1.4051972211232011
1.9778615590934137,0.003603145444232921,0.9631517086857034
0.8556571910050393,0.535507687621487,5.368772574237425
0.21444827197476632,1.8572993864099636,5.29939332789874
0.6456639247567764,3.7870206093305914,0.28277422608369696
1.0361422924869463,3.167327373144878,2.011780969813934
0.015539682263545325,3.8677351802760573,1.578715647332554
1.3209373630939911,0.005550129082909518,4.525263374567193
0.20707986580271426,2.52225825284188,4.700927081022758
0.47124000436579855,3.285623684288622,3.2265845334820837
1.7928723379968141,1.7969643336388934,0.004837103959155379
0.010881995262615126,2.4034423139585885,4.804832736755094
0.4324064594918526,3.799255698371578,1.4121107699212239
1.7588051389863195,1.9637485121600484,0.012818795830736342
1.9436023218271237,0.9905932505558869,0.005235136130829286
0.22316388736409234,3.741601271414981,2.0528322967818022
1.1589698020804173,2.9281237555557906,2.2459788072267077
1.186174046810446,3.11994915312109,1.4803504150650904
1.157439531557628,2.4015987628748885,3.4062815775404958
1.2768823236230151,0.2851643860365905,4.742243874786723
0.4714604759758946,3.585758047512479,2.2731562390946953
1.9920379925883032,0.39325156324684823,0.37262991191237266
0.7433990317831635,3.721014433823994,0.7366266596578865
0.41889580603386983,3.9170382419811878,0.3428228557833513
1.692575669362693,1.704946119914053,1.9484598926839993
0.1337774871374433,3.7527838191787817,2.116473350490621
1.1753749730429646,1.7288723137580881,4.21492896975337
0.4161817649963662,3.8310967552358837,1.2485199044255413
1.937746647707867,0.9837898381383928,0.8229902916718959
1.8804144053351934,0.04398565784160563,2.0991413364392564
0.03207504405586775,3.897909918973839,1.3952312334115415
1.1670045766649089,0.9387685594671705,4.6947997462544695
0.8159765885969696,3.4856786327063,1.9010178754974076
0.09209678947436237,0.9728759884114518,5.823929135909368
1.0353625108570759,3.4350939062547896,0.04190880037708536
1.0264111626838566,0.873074295297721,5.071399126325769
1.5925072845500714,1.878172186080931,2.460756783330638
0.4722816821710991,3.633639330561438,2.136641141742619
0.8238922808330522,3.6498247443122684,0.0026239730046646076
0.7516959740397899,3.41900891414575,2.336738725282529
0.027231382847736324,1.1134638582438035,5.7718121047474735
0.38326379461660254,3.8388703900441397,1.4129531007291858
0.24186102603318396,2.000409286251541,5.1695175989298905
0.4861761455591939,1.2803524435170193,5.569546439897417
1.356730865047629,0.7693931169849458,4.318755550627347
1.120163372876761,2.947179054048718,2.457653098440411
1.7223459625499968,1.457362621802001,2.23395096414236
0.7915586252617736,3.493055742700758,2.0677173331644396
0.5618503807559893,2.4064479571903123,4.620624228641832
1.4919903513473955,2.5618973410077017,1.4464741825559608
0.06000381136079774,0.07197832339106149,6.000246569657806
1.205502578954442,2.5848290138743217,2.995244498758834
1.4488516688400284,0.841725236347653,3.9680786197921596
1.7971866619383656,1.7783150673746566,0.004573888031160369
0.9006069628558219,2.253319558464021,4.199176692961915
0.27909805537636817,0.6141922519881703,5.880058889668463
1.3113583599257044,0.2848211707838282,4.52447421769961
0.305138317791833,3.7656258552212942,2.0195639467349746
1.8428285530518553,1.5873883199929792,0.005806564220051811
0.9042822690550085,3.4238474731787947,1.6141272877017303
0.592919481809425,2.936571260038299,3.7492969133883403
1.88430894530154,1.236139326891365,0.8778893335170003
0.7339496809663905,0.3902528789858409,5.55474657556202
1.2817670592722088,3.080986631789914,0.27825894291950676
1.8834735366420947,0.004599999983993457,2.0609336546258894
0.4880315436602441,2.8577449702027646,4.019716377589543
0.06780709052557947,3.703402850204775,2.2732473830055646
1.9568324518522238,0.8629537750580758,0.003539864320198453
0.5110982176425396,3.6881040827021234,1.9141641536996596
0.6593126301247544,1.1033535084680275,5.464954473649271
1.0823424782516224,3.3821053786725463,0.1321224904850744
1.8177389484042423,0.5445830321682068,2.409415011394869
0.2669437724743534,2.281471676685177,4.894861211562979
0.9964504275708447,0.18529763492903747,5.203728126305545
1.661144411581025,0.8392628174136414,3.116066992249669
0.1926735150282304,0.7727913390824704,5.871627701778625
1.8239458336951824,0.06811172453793363,2.5120196069907244
1.8888653403722235,0.9278040830705973,1.493540832941274
0.7870176481860107,1.5330514822457386,5.032290045502207
1.7316844184283557,1.999123184994505,0.5113348517942446
0.6867614116367817,0.024700200537437725,5.686420307962303
1.9449469996100952,0.33682408931680374,1.3710662546991854
0.31598059515568344,2.126933038732757,5.054356059513698
0.2908087865928217,0.013656261429893467,5.955766854490436
1.8284901055344156,0.40003174707576805,2.416221787079477
0.7402399201502282,3.7216912537849582,0.9918808135332576
0.2926943045087559,3.8974820966529986,1.222944302283996
1.90880315816464,0.34367988836496177,1.7695931687497903
1.5499887359900313,1.2650916308280296,3.3808222141613324
0.9622013551898687,1.4141294598620544,4.858510085359403
0.7249493084174969,1.8086893764017333,4.980353647701177
1.4009405559762305,2.2749304147786122,2.6110140826685457
0.5475948133646067,0.39544380076278185,5.756052019226434
0.008792324195785618,3.9477004773884703,1.026494518672159
1.8429834739659294,0.5635572429058544,2.197792960209534
0.7164104672757127,3.7761574319436537,0.023725136636127568
0.8405215903900979,0.9191848378390386,5.28324028272145
0.5934312027356239,3.762993836005928,1.0290604475221574
0.261455540274718,3.79569061549229,1.7522092858076044
1.3759212915641041,1.654413580025512,3.6392632093520763
1.5131121241021752,2.6409023365736912,0.007631669663336524
0.7491762017265653,2.332140469908541,4.373013715205564
0.6160448798142512,3.8210157388668655,0.5428663335322276
0.035656594701105694,3.3868646572426733,3.271827197157839
1.9329128242357114,0.32848617213332953,1.5070962133581436
0.6142387611161214,0.494348002794215,5.692858837472389
1.6657653755587443,0.010758813730874204,3.379524095367489
0.2629666819179383,3.89235624814745,1.2743897429351725
0.8563529389365737,3.6466295868475433,0.4206717768687119
0.9107431786519604,1.7753036619623892,4.652584183781942
0.5001124987185065,3.7061571041691037,1.8162438964751024
1.372448489304321,2.1838619940100257,3.14445620167008
0.43923164820241256,2.9638719301929908,3.8753555236890778
0.1506349414690108,3.1971964154635466,3.6763102997899897
1.7941862423063306,1.4202680228830087,2.1314423540887883
0.05406879040770884,3.9769243546263002,0.6712741496674881
0.2807871242186131,2.20704773304903,4.970766145041389
1.1882246165879031,3.232735871744009,0.006153644586630938
0.6709953539525133,0.9742254209313834,5.475274461291244
0.17793655329430771,3.9741011560382145,0.5059520044877094
1.3892044834795232,2.873571429408383,0.5282876646969091
0.5377489746757508,2.5156095383221184,4.397305138435343
0.417515278271866,3.8956318005931996,0.5735014228629893
0.32902067533000906,3.2874227556417384,3.3827156706557377
0.21435213632415712,0.59945526229917,5.939238299705624
1.6321455632059192,2.1687194829072283,1.3630740372938428
1.2601162200251335,2.593667611531235,2.6881620705648275
1.6906933141181815,0.7895684899083691,3.12439984473698
0.48628328270244825,0.1084181735514025,5.847872085946896
0.18135579804573443,3.9870051289531343,0.0029510415409355136
0.17942442327462857,3.248625597566222,3.4748007837731496
0.13507208224421535,0.29833257730713497,5.980063225010858
1.414160445329217,2.2644273183338335,2.7652673141017865
1.90074052729751,0.08132008761767742,1.8965866736921937
0.4145627623982213,0.5032328892323908,5.828918134068734
1.124288578515173,0.8100161527975895,4.824326038331576
1.7613614270083404,0.8840067430404728,2.5542875779471865
1.224259252001455,3.1879025361388384,0.7045560793185023
1.3657547906984058,2.6953845311835076,1.7377611006512794
1.0006998573113175,2.3533154046017377,3.983999312346691
0.2913192721142566,3.963531696655965,0.1134534517982251
0.5821453214732056,3.1438539571054256,3.3763910373580526
0.031168635613400164,3.984281098884438,0.6382140926557169
0.48516560518923224,3.887690697959309,0.7848353593257135
0.010116008408592964,3.5747693547667683,2.7183000885354907
1.2548792476606379,3.0561693698028,1.3241458609085763
1.2469390691219546,0.3964749543029995,4.7604607995710095
0.4840620749805789,1.5033408006128017,5.441285350172261
1.0613922874506807,1.0732468302142626,4.873455753750123
1.7593612127115503,0.8565890821860448,2.5727699801652033
0.20566232732802664,0.08914000922022325,5.971227472245685
1.7271242109856633,0.6696675463374844,2.990274527724006
0.6222565634614124,1.8781598421563435,5.003586346471017
1.7745169204643043,1.8690395175456547,0.004966666456723219
0.21728388187225572,3.4615983190706965,3.1206390611440313
1.9192415712691,1.1437136045110605,0.6402743694803328
0.7749449494482115,1.245473136332366,5.311777227628973
1.6832339591115357,2.210830384467751,0.9168952084311783
1.0651150283940136,2.2921062860649184,3.799074779540993
0.4795578710507095,1.41918166609711,5.476211536994162
0.1768969187742893,0.6438919660673373,5.911249502227239
0.8914044852046101,3.0786654434211265,2.8368149963947955
1.7375898297674037,1.0470988722526913,2.5933409883027396
1.4218323723798967,2.2122310597241626,2.7531523592050107
0.17877610309634398,3.595016039384022,2.611509469206468
0.825815675581369,0.009813166283136755,5.479188737210198
1.4128313014724552,2.8063045482695497,0.7418521592240171
1.4320956286371125,2.7758533047542864,1.0615142920008818
1.1326084941579777,0.3792872364673995,4.916696444675153
0.49321392581574186,3.8837640465420282,0.004847554736957728
0.3577470863672074,2.6950840443876425,4.369129171540752
0.61764326758289,3.0801501619627016,3.4048577165553033
1.0639542135554432,2.2573236149380245,3.7992144206012943
1.8237077390865217,1.4274066696782644,1.444290636478039
0.2713467495535043,1.0573835123914952,5.772349272928749
0.2784871413169756,0.5502509696313348,5.888412075924881
2.0007116441207438,0.14550661922913422,0.001999207157849962
0.8962266884258142,2.7347822186992836,3.762562197880043
0.22304253474220506,3.418917092872463,3.0792423980931285
0.3689595111249899,0.31432128826225497,5.905201182534059
0.27891867810650167,1.240985255622674,5.674751705867223
0.013442424847354514,0.28443772748698326,5.997009637768768
1.0821738553982507,1.5260048426180728,4.611158363249089
0.8989392503196008,0.8466390120449531,5.3022548939307725
1.2925155910637316,2.8280557295365907,1.8220320556922955
1.5800859760590684,0.8903819992468334,3.525726310536585
1.389013848487943,0.5730820009052808,4.367872313638616
0.5249584147106291,3.8715548716194457,0.007666251261091879
1.7340691169516216,0.6261695071605466,2.909555980019018
1.212681902157478,0.5667143083014936,4.7679872425324765
0.3054476805339278,3.918871454916161,0.8548962767413404
0.5146142237170647,2.527664408129579,4.439052097584583
1.5760860065467752,0.00867326382504881,3.7354621826641594
0.1684497562556272,1.9722367662479892,5.207867982225289
1.8448448477014219,1.0547560482204363,1.870534537023561
1.4825728331066865,0.9234704703024383,3.844535039074899
0.440525169829638,3.4748360922199457,2.71974974217243
0.3955371010837964,2.885826445208185,4.027616259965904
1.2114029449158277,1.9380523290158385,3.797297079385928
1.7478036915986026,1.2550027765751883,2.2540280565289468
0.2811049505090776,3.688676905265356,2.3295249612359186
0.16323126331840057,1.2271547049551084,5.70261646788646
0.5579228550308238,1.7205725530502978,5.180339465495331
1.4949951258368168,2.741205293372796,0.026240175955278534
0.3653497078556938,0.9565631184142668,5.757453812494338
1.9425572553150932,0.6501153952921749,1.0835120198954744
0.45330579161631274,3.5197292806099942,2.531428465718772
1.7653341135333613,1.9136101837790602,0.015363186439397736
1.5841551653332762,2.3204467307850223,1.3116887956281829
1.1441696192056328,2.89981441284828,2.4559695958302887
0.48209099575804243,3.472250998911804,2.7214279821303236
0.36241734657896346,2.1131161017974813,5.005644303611922
0.19628489437396135,1.4972400382396984,5.566533583579676
1.2325477850917086,2.579931727689522,2.9657621454980276
1.7111547632407527,1.8452266295659339,1.7878651506779568
1.4756411047824596,1.4785139587747582,3.526298692396642
0.7917124267064798,3.3094900480181564,2.4066728900352685
0.7650406214314501,3.656917254508962,1.0451507495893535
1.5472794696353271,0.8731131208966638,3.6942866507618786
1.535689621460754,2.4141013146487116,1.635359875736556
0.05995421205589551,3.150941998184729,3.722388738776623
0.4179653968837751,0.5932998047211843,5.805093953395146
0.06990758538798053,0.8710110903528739,5.878217746876785
0.18538608407416526,1.691326320095668,5.47142454506382
1.2904677951278591,1.8032919804306895,3.77364964484601
1.5566011160239541,2.527070132707053,0.01105484756724499
0.017564142771193683,3.9888034200091806,0.5418153886030441
0.8543943139140242,3.0166192573267425,3.1120878781667227
1.3987083323186762,0.16443158005998676,4.293323506190648
1.665433718683671,2.2514823810423814,0.4402621708719975
1.3141475726973473,3.0361919348382336,0.007638483998744326
0.5134092970188295,2.1624589481282843,4.898985697215956
1.7907343000747762,1.4281748206878626,1.7227623120714701
0.9114426641890483,0.013220523052982108,5.374076132613499
0.08030289074431012,0.06577106756320718,5.997220914123741
1.373335505577892,2.916146018848747,0.0028628512295326364
0.2921344885382326,2.5672077512450047,4.561712424359291
0.7868913844232736,2.8877609501189476,3.503082632617774
0.3195416332512507,2.1643474709291284,5.046445244628577
0.08272302426135825,1.6126299641701902,5.527107283844023
0.0374689265900157,3.3244481713612637,3.402855758633281
1.879045963251358,0.3573691196679642,2.017554222687021
1.2235263798281086,0.7587850543009418,4.683749862414953
1.0952027358180865,2.5845938030044966,3.4078984418725184
0.7307810262215824,2.6827079861826286,3.9681047694410987
1.1234149962029454,3.229632170360889,1.7848724386481192
0.7490332281071121,0.38521726959509806,5.565890001402529
1.5139506143554582,1.7774182517376216,3.0070234068171082
0.943858704578189,2.451286654893563,3.8920589724284382
0.3105387161328944,3.9218342031762163,0.8491186292982223
0.6732191882738021,2.5982608298939316,4.2478974554657984
1.4938822646057426,1.7934020884601107,3.1424446681801546
0.25422607229750493,2.81730334784448,4.218981116170438
0.89359201543004,0.2123759170431993,5.390023871411777
0.8892195161489233,3.1560110601519824,2.567396340035712
0.1711340607077307,1.1829769129892662,5.729251913952246
1.6267417080368014,0.6895547306352879,3.3677448249997477
1.8990430622010137,1.1125293042115045,1.0096972446901171
0.34935533692051446,1.0148483361383265,5.714820226060339
1.6384638239429534,0.3129224696722802,3.4218817045534418
1.7726433343668617,1.6175016480457924,1.431252581235504
1.8541927529064757,0.002832009262115612,2.272671336622846
0.034641327433684074,0.2428682136400392,5.993624518427204
0.4788674786013892,0.3890138395174602,5.810498495724818
0.33633497217096786,3.45467997292876,2.8732167461447493
1.9293974917175742,1.1410686114772226,0.01088930016133652
1.2571483935667611,0.8539825554538193,4.501128717439242
0.6273373975841423,0.393826956797481,5.680198940156025
0.5946691687254468,3.781067914079831,1.0248390206054303
1.0303290294754839,3.232404827323262,1.8037984800050206
1.4140625781614615,0.5960169422852394,4.232040187721426
1.2006740295414842,0.9551285152611291,4.595870761494296
0.03856449719671037,0.46023583968707693,5.964515249568567
0.9407605219752455,2.5964476963672736,3.6807053428809873
0.5812165558902608,3.8329051126203804,0.0034486346440137958
1.4125350667022243,2.8068270942202473,0.7100185844910791
1.5278532773962037,0.008669771394150908,3.911070734368329
0.9768636827446406,3.380826649686285,1.4491415739932925
0.026721702111401523,3.4080183217872797,3.188629990848117
1.8350288840382052,0.924191053532072,2.053932791166333
0.5147742114940488,2.4881085139756673,4.489222960172517
0.8003567279089968,2.62097091457561,3.9064747314045603
0.7783846470925737,3.0932577339283855,3.0845237305771125
0.22161079032961895,1.7863871742176147,5.350753846460815
1.7031423696093204,0.005903215219091644,3.1799248401048863
1.5292929674903948,2.604760982130987,0.008028609651896928
0.005665002021222337,0.3346515438069962,5.981914852493644
1.3227916438506355,2.5971361823108556,2.3456963240371347
0.2379752358045913,2.3128208404028596,4.867764688790914
0.7449252464153339,3.451094093776317,2.2140749144697365
0.0161502560605696,3.9402863466047235,1.0735569842856223
0.3615334747213798,3.9374698211443624,0.002463475278895626
1.8300764596588834,1.6322901954057307,0.0034151541611654214
0.016869898533697834,2.617981077392711,4.5611780838702956
1.3368147041882636,2.1205987606335857,3.2029113100990756
0.2221226200165761,3.580590706935655,2.693953828006592
1.6327464858820249,2.3142266480074865,0.6992248865031487
1.0827942191434703,2.647492773086546,3.1813662799584574
1.3078561203013397,3.037582583000241,0.004168902771600925
0.8934217452927197,0.4516485181583195,5.3572154711285815
1.0365903290233864,1.5455877844052286,4.61329432627925
1.7418569256856042,1.484194471237462,2.2208529770198107
1.9190304264772051,1.146396373345015,0.0025484917938339595
0.010394558650101297,3.658360915213149,2.445429243356588
0.007800270677389617,2.120674004141997,5.095439021174572
1.9155581636068169,0.8562684413524337,1.2748614781371068
